slug,url,name,family,category_slug,image_url,ram_gb,storage_gb,chip,cpu_cores,gpu_cores,screen_size,color,model_group,config_key,first_seen,last_seen
apple-iphone-17-256gb,https://applemac.pk/product/apple-iphone-17-256gb,Apple Iphone 17 256GB,iphone,iphone-17,https://applemac.pk/public/uploads/products/1771242510.webp,8,256,A19,6,5,6.3,"Black, White, Mist Blue, Sage, Lavender",iphone_scr6_3_chipa19,iphone_scr6_3_chipa19_ram8_ssd256,2026-09-16T00:22:18.878661+00:00,2026-09-22T08:36:51.699127+00:00
apple-iphone-17-pro-1tb,https://applemac.pk/product/apple-iphone-17-pro-1tb,Apple Iphone 17 Pro 1TB,iphone,iphone-17-pro,https://applemac.pk/public/uploads/products/1771484297.webp,12,1024,A19 Pro,6,5,6.3,"Silver, Cosmic Orange, Deep Blue",iphone_scr6_3_chipa19_pro,iphone_scr6_3_chipa19_pro_ram12_ssd1024,2026-09-16T00:22:18.878661+00:00,2026-09-22T08:36:51.699127+00:00
apple-iphone-17-pro-256gb,https://applemac.pk/product/apple-iphone-17-pro-256gb,Apple Iphone 17 Pro 256GB,iphone,iphone-17-pro,https://applemac.pk/public/uploads/products/1771484073.webp,12,256,A19 Pro,6,5,6.3,"Silver, Cosmic Orange, Deep Blue",iphone_scr6_3_chipa19_pro,iphone_scr6_3_chipa19_pro_ram12_ssd256,2026-09-16T00:22:18.878661+00:00,2026-09-22T08:36:51.699127+00:00
apple-iphone-17-pro-512gb,https://applemac.pk/product/apple-iphone-17-pro-512gb,Apple Iphone 17 Pro 512GB,iphone,iphone-17-pro,https://applemac.pk/public/uploads/products/1771484229.webp,12,512,A19 Pro,6,5,6.3,"Silver, Cosmic Orange, Deep Blue",iphone_scr6_3_chipa19_pro,iphone_scr6_3_chipa19_pro_ram12_ssd512,2026-09-16T00:22:18.878661+00:00,2026-09-22T08:36:51.699127+00:00
apple-iphone-17-pro-max-1tb,https://applemac.pk/product/apple-iphone-17-pro-max-1tb,Apple iphone 17 Pro Max 1TB,iphone,iphone-17-pro-max,https://applemac.pk/public/uploads/products/1771484513.webp,12,1024,A19 Pro,6,5,6.9,"Silver, Cosmic Orange, Deep Blue",iphone_scr6_9_chipa19_pro,iphone_scr6_9_chipa19_pro_ram12_ssd1024,2026-09-16T00:22:18.878661+00:00,2026-09-22T08:36:51.699127+00:00
apple-iphone-17-pro-max-256gb,https://applemac.pk/product/apple-iphone-17-pro-max-256gb,Apple iphone 17 Pro Max 256GB,iphone,iphone-17-pro-max,https://applemac.pk/public/uploads/products/1771484598.webp,12,256,A19 Pro,6,5,6.9,"Silver, Cosmic Orange, Deep Blue",iphone_scr6_9_chipa19_pro,iphone_scr6_9_chipa19_pro_ram12_ssd256,2026-09-16T00:22:18.878661+00:00,2026-09-22T08:36:51.699127+00:00
apple-iphone-17-pro-max-2tb,https://applemac.pk/product/apple-iphone-17-pro-max-2tb,Apple iphone 17 Pro Max 2TB,iphone,iphone-17-pro-max,https://applemac.pk/public/uploads/products/1771219237.webp,12,2048,A19 Pro,6,5,6.9,"Silver, Cosmic Orange, Deep Blue",iphone_scr6_9_chipa19_pro,iphone_scr6_9_chipa19_pro_ram12_ssd2048,2026-09-16T00:22:18.878661+00:00,2026-09-22T08:36:51.699127+00:00
apple-iphone-17-pro-max-512gb,https://applemac.pk/product/apple-iphone-17-pro-max-512gb,Apple iphone 17 Pro Max 512GB,iphone,iphone-17-pro-max,https://applemac.pk/public/uploads/products/1771484542.webp,12,512,A19 Pro,6,5,6.9,"Silver, Cosmic Orange, Deep Blue",iphone_scr6_9_chipa19_pro,iphone_scr6_9_chipa19_pro_ram12_ssd512,2026-09-16T00:22:18.878661+00:00,2026-09-22T08:36:51.699127+00:00
apple-iphone-air-1tb,https://applemac.pk/product/apple-iphone-air-1tb,Apple Iphone Air 1TB,iphone,iphone-air-series,https://applemac.pk/public/uploads/products/1771244774.webp,12,1024,Apple A19 Pro,6,5,6.5,"Space Black, Cloud White, Light Gold, Sky Blue",iphone_scr6_5_chipapple_a19_pro,iphone_scr6_5_chipapple_a19_pro_ram12_ssd1024,2026-09-16T00:22:18.878661+00:00,2026-09-22T08:36:51.699127+00:00
apple-iphone-air-256gb,https://applemac.pk/product/apple-iphone-air-256gb,Apple Iphone Air 256GB,iphone,iphone-air-series,https://applemac.pk/public/uploads/products/1771245015.webp,12,256,Apple A19 Pro,6,5,6.5,"Space Black, Cloud White, Light Gold, Sky Blue",iphone_scr6_5_chipapple_a19_pro,iphone_scr6_5_chipapple_a19_pro_ram12_ssd256,2026-09-16T00:22:18.878661+00:00,2026-09-22T08:36:51.699127+00:00
apple-iphone-air-512gb,https://applemac.pk/product/apple-iphone-air-512gb,Apple Iphone Air 512GB,iphone,iphone-air-series,https://applemac.pk/public/uploads/products/1771244946.webp,12,512,Apple A19 Pro,6,5,6.5,"Space Black, Cloud White, Light Gold, Sky Blue",iphone_scr6_5_chipapple_a19_pro,iphone_scr6_5_chipapple_a19_pro_ram12_ssd512,2026-09-16T00:22:18.878661+00:00,2026-09-22T08:36:51.699127+00:00
apple-macbook-air-13-cto-m5-10c-cpu-10c-gpu-16gb-2tb-midnight,https://applemac.pk/product/apple-macbook-air-13-cto-m5-10c-cpu-10c-gpu-16gb-2tb-midnight,Apple MacBook Air 13 CTO M5 10C CPU 10C GPU 16GB 2TB Midnight,macbook_air,macbook-air-13,https://applemac.pk/public/uploads/products/1772696586.webp,16,2048,M5,10,10,13.0,Midnight,macbook_air_scr13_0_chipm5,macbook_air_scr13_0_chipm5_ram16_ssd2048,2026-09-16T00:22:18.878661+00:00,2026-09-22T08:36:51.699127+00:00
apple-macbook-air-13-cto-m5-10c-cpu-10c-gpu-16gb-4tb-midnight,https://applemac.pk/product/apple-macbook-air-13-cto-m5-10c-cpu-10c-gpu-16gb-4tb-midnight,Apple MacBook Air 13 CTO M5 10C CPU 10C GPU 16GB 4TB Midnight,macbook_air,macbook-air-13,https://applemac.pk/public/uploads/products/1772696586.webp,16,4096,M5,10,10,13.0,Midnight,macbook_air_scr13_0_chipm5,macbook_air_scr13_0_chipm5_ram16_ssd4096,2026-09-16T00:22:18.878661+00:00,2026-09-22T08:36:51.699127+00:00
apple-macbook-air-13-cto-m5-10c-cpu-10c-gpu-16gb-512gb-midnight,https://applemac.pk/product/apple-macbook-air-13-cto-m5-10c-cpu-10c-gpu-16gb-512gb-midnight,Apple MacBook Air 13 CTO M5 10C CPU 10C GPU 16GB 512GB Midnight,macbook_air,macbook-air-13,https://applemac.pk/public/uploads/products/1772696586.webp,16,512,M5,10,10,13.0,Midnight,macbook_air_scr13_0_chipm5,macbook_air_scr13_0_chipm5_ram16_ssd512,2026-09-16T00:22:18.878661+00:00,2026-09-21T09:02:10.102061+00:00
apple-macbook-air-13-cto-m5-10c-cpu-10c-gpu-24gb-4tb-midnight,https://applemac.pk/product/apple-macbook-air-13-cto-m5-10c-cpu-10c-gpu-24gb-4tb-midnight,Apple MacBook Air 13 CTO M5 10C CPU 10C GPU 24GB 4TB Midnight,macbook_air,macbook-air-13,https://applemac.pk/public/uploads/products/1772696586.webp,24,4096,M5,10,10,13.0,Midnight,macbook_air_scr13_0_chipm5,macbook_air_scr13_0_chipm5_ram24_ssd4096,2026-09-16T00:22:18.878661+00:00,2026-09-22T08:36:51.699127+00:00
apple-macbook-air-13-cto-m5-10c-cpu-10c-gpu-24gb-512gb-midnight,https://applemac.pk/product/apple-macbook-air-13-cto-m5-10c-cpu-10c-gpu-24gb-512gb-midnight,Apple MacBook Air 13 CTO M5 10C CPU 10C GPU 24GB 512GB Midnight,macbook_air,macbook-air-13,https://applemac.pk/public/uploads/products/1772696586.webp,24,512,M5,10,10,13.0,Midnight,macbook_air_scr13_0_chipm5,macbook_air_scr13_0_chipm5_ram24_ssd512,2026-09-16T00:22:18.878661+00:00,2026-09-22T08:36:51.699127+00:00
apple-macbook-air-13-cto-m5-10c-cpu-10c-gpu-32gb-2tb-sky-blue,https://applemac.pk/product/apple-macbook-air-13-cto-m5-10c-cpu-10c-gpu-32gb-2tb-sky-blue,Apple MacBook Air 13 CTO M5 10C CPU 10C GPU 32GB 2TB Sky Blue,macbook_air,macbook-air-13,https://applemac.pk/public/uploads/products/1777975596.webp,32,2048,M5,10,10,13.0,Sky Blue,macbook_air_scr13_0_chipm5,macbook_air_scr13_0_chipm5_ram32_ssd2048,2026-09-16T00:22:18.878661+00:00,2026-09-22T08:36:51.699127+00:00
apple-macbook-air-13-cto-m5-10c-cpu-10c-gpu-32gb-512gb-sky-blue,https://applemac.pk/product/apple-macbook-air-13-cto-m5-10c-cpu-10c-gpu-32gb-512gb-sky-blue,Apple MacBook Air 13 CTO M5 10C CPU 10C GPU 32GB 512GB Sky Blue,macbook_air,macbook-air-13,https://applemac.pk/public/uploads/products/1777975596.webp,32,512,M5,10,10,13.0,Sky Blue,macbook_air_scr13_0_chipm5,macbook_air_scr13_0_chipm5_ram32_ssd512,2026-09-16T00:22:18.878661+00:00,2026-09-22T08:36:51.699127+00:00
apple-macbook-air-13-mc654-m4-10c-cpu-10c-gpu-24gb-512gb-silver,https://applemac.pk/product/apple-macbook-air-13-mc654-m4-10c-cpu-10c-gpu-24gb-512gb-silver,Apple MacBook Air 13 MC654 M4 10C CPU 10C GPU 24GB 512GB  Silver,macbook_air,macbook-air-13,https://applemac.pk/public/uploads/products/1771253392.webp,24,512,M4,10,10,13.0,Silver,macbook_air_scr13_0_chipm4,macbook_air_scr13_0_chipm4_ram24_ssd512,2026-09-16T00:22:18.878661+00:00,2026-09-22T08:36:51.699127+00:00
apple-macbook-air-13-mc6a4-m4-10c-cpu-10c-gpu-24gb-512gb-starlight,https://applemac.pk/product/apple-macbook-air-13-mc6a4-m4-10c-cpu-10c-gpu-24gb-512gb-starlight,Apple MacBook Air 13 MC6A4 M4 10C CPU 10C GPU 24GB 512GB Starlight,macbook_air,macbook-air-13,https://applemac.pk/public/uploads/products/1771253352.webp,24,512,M4,10,10,13.0,Starlight,macbook_air_scr13_0_chipm4,macbook_air_scr13_0_chipm4_ram24_ssd512,2026-09-16T00:22:18.878661+00:00,2026-09-22T08:36:51.699127+00:00
apple-macbook-air-13-mc6c4-m4-10c-cpu-10c-gpu-24gb-512gb-midnight,https://applemac.pk/product/apple-macbook-air-13-mc6c4-m4-10c-cpu-10c-gpu-24gb-512gb-midnight,Apple MacBook Air 13 MC6C4 M4 10C CPU 10C GPU 24GB 512GB Midnight,macbook_air,macbook-air-13,https://applemac.pk/public/uploads/products/1771253328.webp,24,512,M4,10,10,13.0,Midnight,macbook_air_scr13_0_chipm4,macbook_air_scr13_0_chipm4_ram24_ssd512,2026-09-16T00:22:18.878661+00:00,2026-09-22T08:36:51.699127+00:00
apple-macbook-air-13-mc6t4-m4-10c-cpu-8c-gpu-16gb-256gb-sky-blue,https://applemac.pk/product/apple-macbook-air-13-mc6t4-m4-10c-cpu-8c-gpu-16gb-256gb-sky-blue,Apple MacBook Air 13 MC6T4 M4 10C CPU 8C GPU 16GB 256GB Sky Blue,macbook_air,macbook-air-13,https://applemac.pk/public/uploads/products/1771253229.webp,16,256,M4,10,8,13.0,Sky Blue,macbook_air_scr13_0_chipm4,macbook_air_scr13_0_chipm4_ram16_ssd256,2026-09-16T00:22:18.878661+00:00,2026-09-22T08:36:51.699127+00:00
apple-macbook-air-13-mc6u4-m4-10c-cpu-10c-gpu-16gb-512gb-sky-blue,https://applemac.pk/product/apple-macbook-air-13-mc6u4-m4-10c-cpu-10c-gpu-16gb-512gb-sky-blue,Apple MacBook Air 13 MC6U4 M4 10C CPU 10C GPU 16GB 512GB Sky Blue,macbook_air,macbook-air-13,https://applemac.pk/public/uploads/products/1771253292.webp,16,512,M4,10,10,13.0,Sky Blue,macbook_air_scr13_0_chipm4,macbook_air_scr13_0_chipm4_ram16_ssd512,2026-09-16T00:22:18.878661+00:00,2026-09-22T08:36:51.699127+00:00
apple-macbook-air-13-mc6v4-m4-10c-cpu-10c-gpu-24gb-512gb-sky-blue,https://applemac.pk/product/apple-macbook-air-13-mc6v4-m4-10c-cpu-10c-gpu-24gb-512gb-sky-blue,Apple MacBook Air 13 MC6V4 M4 10C CPU 10C GPU 24GB 512GB Sky Blue,macbook_air,macbook-air-13,https://applemac.pk/public/uploads/products/1771253443.webp,24,512,M4,10,10,13.0,Sky Blue,macbook_air_scr13_0_chipm4,macbook_air_scr13_0_chipm4_ram24_ssd512,2026-09-16T00:22:18.878661+00:00,2026-09-22T08:36:51.699127+00:00
apple-macbook-air-13-mdh74-m5-10c-cpu-8c-gpu-16gb-512gb-silver,https://applemac.pk/product/apple-macbook-air-13-mdh74-m5-10c-cpu-8c-gpu-16gb-512gb-silver,Apple MacBook Air 13 MDH74 M5 10C CPU 8C GPU 16GB 512GB Silver,macbook_air,macbook-air-13,https://applemac.pk/public/uploads/products/1772695420.webp,16,512,M5,10,8,13.0,Silver,macbook_air_scr13_0_chipm5,macbook_air_scr13_0_chipm5_ram16_ssd512,2026-09-16T00:22:18.878661+00:00,2026-09-22T08:36:51.699127+00:00
apple-macbook-air-13-mdh84-m5-10c-cpu-10c-gpu-16gb-1tb-silver,https://applemac.pk/product/apple-macbook-air-13-mdh84-m5-10c-cpu-10c-gpu-16gb-1tb-silver,Apple MacBook Air 13 MDH84 M5 10C CPU 10C GPU 16GB 1TB Silver,macbook_air,macbook-air-13,https://applemac.pk/public/uploads/products/1772695420.webp,16,1024,M5,10,10,13.0,Silver,macbook_air_scr13_0_chipm5,macbook_air_scr13_0_chipm5_ram16_ssd1024,2026-09-16T00:22:18.878661+00:00,2026-09-22T08:36:51.699127+00:00
apple-macbook-air-13-mdh94-m5-10c-cpu-10c-gpu-24gb-1tb-silver,https://applemac.pk/product/apple-macbook-air-13-mdh94-m5-10c-cpu-10c-gpu-24gb-1tb-silver,Apple MacBook Air 13 MDH94 M5 10C CPU 10C GPU 24GB 1TB Silver,macbook_air,macbook-air-13,https://applemac.pk/public/uploads/products/1772695420.webp,24,1024,M5,10,10,13.0,Silver,macbook_air_scr13_0_chipm5,macbook_air_scr13_0_chipm5_ram24_ssd1024,2026-09-16T00:22:18.878661+00:00,2026-09-22T08:36:51.699127+00:00
apple-macbook-air-13-mdha4-m5-10c-cpu-8c-gpu-16gb-512gb-starlight,https://applemac.pk/product/apple-macbook-air-13-mdha4-m5-10c-cpu-8c-gpu-16gb-512gb-starlight,Apple MacBook Air 13 MDHA4 M5 10C CPU 8C GPU 16GB 512GB Starlight,macbook_air,macbook-air-13,https://applemac.pk/public/uploads/products/1772695219.webp,16,512,M5,10,8,13.0,Starlight,macbook_air_scr13_0_chipm5,macbook_air_scr13_0_chipm5_ram16_ssd512,2026-09-16T00:22:18.878661+00:00,2026-09-22T08:36:51.699127+00:00
apple-macbook-air-13-mdhc4-m5-10c-cpu-10c-gpu-16gb-1tb-starlight,https://applemac.pk/product/apple-macbook-air-13-mdhc4-m5-10c-cpu-10c-gpu-16gb-1tb-starlight,Apple MacBook Air 13 MDHC4 M5 10C CPU 10C GPU 16GB 1TB Starlight,macbook_air,macbook-air-13,https://applemac.pk/public/uploads/products/1772695219.webp,16,1024,M5,10,10,13.0,Starlight,macbook_air_scr13_0_chipm5,macbook_air_scr13_0_chipm5_ram16_ssd1024,2026-09-16T00:22:18.878661+00:00,2026-09-22T08:36:51.699127+00:00
apple-macbook-air-13-mdhd4-m5-10c-cpu-10c-gpu-24gb-1tb-starlight,https://applemac.pk/product/apple-macbook-air-13-mdhd4-m5-10c-cpu-10c-gpu-24gb-1tb-starlight,Apple MacBook Air 13 MDHD4 M5 10C CPU 10C GPU 24GB 1TB Starlight,macbook_air,macbook-air-13,https://applemac.pk/public/uploads/products/1772695219.webp,24,1024,M5,10,10,13.0,Starlight,macbook_air_scr13_0_chipm5,macbook_air_scr13_0_chipm5_ram24_ssd1024,2026-09-16T00:22:18.878661+00:00,2026-09-22T08:36:51.699127+00:00
apple-macbook-air-13-mdhe4-m5-10c-cpu-8c-gpu-16gb-512gb-midnight,https://applemac.pk/product/apple-macbook-air-13-mdhe4-m5-10c-cpu-8c-gpu-16gb-512gb-midnight,Apple MacBook Air 13 MDHE4 M5 10C CPU 8C GPU 16GB 512GB Midnight,macbook_air,macbook-air-13,https://applemac.pk/public/uploads/products/1772696586.webp,16,512,M5,10,8,13.0,Midnight,macbook_air_scr13_0_chipm5,macbook_air_scr13_0_chipm5_ram16_ssd512,2026-09-16T00:22:18.878661+00:00,2026-09-22T08:36:51.699127+00:00
apple-macbook-air-13-mdhf4-m5-10c-cpu-10c-gpu-16gb-1tb-midnight,https://applemac.pk/product/apple-macbook-air-13-mdhf4-m5-10c-cpu-10c-gpu-16gb-1tb-midnight,Apple MacBook Air 13 MDHF4 M5 10C CPU 10C GPU 16GB 1TB Midnight,macbook_air,macbook-air-13,https://applemac.pk/public/uploads/products/1772705184.webp,16,1024,M5,10,10,13.0,Midnight,macbook_air_scr13_0_chipm5,macbook_air_scr13_0_chipm5_ram16_ssd1024,2026-09-16T00:22:18.878661+00:00,2026-09-22T08:36:51.699127+00:00
apple-macbook-air-13-mdhg4-m5-10c-cpu-10c-gpu-24gb-1tb-midnight,https://applemac.pk/product/apple-macbook-air-13-mdhg4-m5-10c-cpu-10c-gpu-24gb-1tb-midnight,Apple MacBook Air 13 MDHG4 M5 10C CPU 10C GPU 24GB 1TB Midnight,macbook_air,macbook-air-13,https://applemac.pk/public/uploads/products/1772703340.webp,24,1024,M5,10,10,13.0,Midnight,macbook_air_scr13_0_chipm5,macbook_air_scr13_0_chipm5_ram24_ssd1024,2026-09-16T00:22:18.878661+00:00,2026-09-22T08:36:51.699127+00:00
apple-macbook-air-13-mdhh4-m5-10c-cpu-8c-gpu-16gb-512gb-sky-blue,https://applemac.pk/product/apple-macbook-air-13-mdhh4-m5-10c-cpu-8c-gpu-16gb-512gb-sky-blue,Apple MacBook Air 13 MDHH4 M5 10C CPU 8C GPU 16GB 512GB Sky Blue,macbook_air,macbook-air-13,https://applemac.pk/public/uploads/products/1772695739.webp,16,512,M5,10,8,13.0,Sky Blue,macbook_air_scr13_0_chipm5,macbook_air_scr13_0_chipm5_ram16_ssd512,2026-09-16T00:22:18.878661+00:00,2026-09-22T08:36:51.699127+00:00
apple-macbook-air-13-mdhj4-m5-10c-cpu-10c-gpu-16gb-1tb-sky-blue,https://applemac.pk/product/apple-macbook-air-13-mdhj4-m5-10c-cpu-10c-gpu-16gb-1tb-sky-blue,Apple MacBook Air 13 MDHJ4 M5 10C CPU 10C GPU 16GB 1TB Sky Blue,macbook_air,macbook-air-13,https://applemac.pk/public/uploads/products/1772695739.webp,16,1024,M5,10,10,13.0,Sky Blue,macbook_air_scr13_0_chipm5,macbook_air_scr13_0_chipm5_ram16_ssd1024,2026-09-16T00:22:18.878661+00:00,2026-09-22T08:36:51.699127+00:00
apple-macbook-air-13-mdhk4-m5-10c-cpu-10c-gpu-24gb-1tb-sky-blue,https://applemac.pk/product/apple-macbook-air-13-mdhk4-m5-10c-cpu-10c-gpu-24gb-1tb-sky-blue,Apple MacBook Air 13 MDHK4 M5 10C CPU 10C GPU 24GB 1TB Sky Blue,macbook_air,macbook-air-13,https://applemac.pk/public/uploads/products/1772695739.webp,24,1024,M5,10,10,13.0,Sky Blue,macbook_air_scr13_0_chipm5,macbook_air_scr13_0_chipm5_ram24_ssd1024,2026-09-16T00:22:18.878661+00:00,2026-09-22T08:36:51.699127+00:00
apple-macbook-air-13-mw0w3-m4-10c-cpu-8c-gpu-16gb-256gb-silver,https://applemac.pk/product/apple-macbook-air-13-mw0w3-m4-10c-cpu-8c-gpu-16gb-256gb-silver,Apple MacBook Air 13 MW0W3 M4 10C CPU 8C GPU 16GB 256GB Silver,macbook_air,macbook-air-13,https://applemac.pk/public/uploads/products/1771253417.webp,16,256,M4,10,8,13.0,Silver,macbook_air_scr13_0_chipm4,macbook_air_scr13_0_chipm4_ram16_ssd256,2026-09-16T00:22:18.878661+00:00,2026-09-22T08:36:51.699127+00:00
apple-macbook-air-13-mw0x3-m4-10c-cpu-10c-gpu-16gb-512gb-silver,https://applemac.pk/product/apple-macbook-air-13-mw0x3-m4-10c-cpu-10c-gpu-16gb-512gb-silver,Apple MacBook Air 13 MW0X3 M4 10C CPU 10C GPU 16GB 512GB Silver,macbook_air,macbook-air-13,https://applemac.pk/public/uploads/products/1771253273.webp,16,512,M4,10,10,13.0,Silver,macbook_air_scr13_0_chipm4,macbook_air_scr13_0_chipm4_ram16_ssd512,2026-09-16T00:22:18.878661+00:00,2026-09-22T08:36:51.699127+00:00
apple-macbook-air-13-mw0y3-m4-10c-cpu-8c-gpu-16gb-256gb-starlight,https://applemac.pk/product/apple-macbook-air-13-mw0y3-m4-10c-cpu-8c-gpu-16gb-256gb-starlight,Apple MacBook Air 13 MW0Y3 M4 10C CPU 8C GPU 16GB 256GB Starlight,macbook_air,macbook-air-13,https://applemac.pk/public/uploads/products/1771253491.webp,16,256,M4,10,8,13.0,Starlight,macbook_air_scr13_0_chipm4,macbook_air_scr13_0_chipm4_ram16_ssd256,2026-09-16T00:22:18.878661+00:00,2026-09-22T08:36:51.699127+00:00
apple-macbook-air-13-mw103-m4-10c-cpu-10c-gpu-16gb-512gb-starlight,https://applemac.pk/product/apple-macbook-air-13-mw103-m4-10c-cpu-10c-gpu-16gb-512gb-starlight,Apple MacBook Air 13 MW103 M4 10C CPU 10C GPU 16GB 512GB Starlight,macbook_air,macbook-air-13,https://applemac.pk/public/uploads/products/1771253252.webp,16,512,M4,10,10,13.0,Starlight,macbook_air_scr13_0_chipm4,macbook_air_scr13_0_chipm4_ram16_ssd512,2026-09-16T00:22:18.878661+00:00,2026-09-22T08:36:51.699127+00:00
apple-macbook-air-13-mw123-m4-10c-cpu-8c-gpu-16gb-256gb-midnight,https://applemac.pk/product/apple-macbook-air-13-mw123-m4-10c-cpu-8c-gpu-16gb-256gb-midnight,Apple MacBook Air 13 MW123 M4 10C CPU 8C GPU 16GB 256GB Midnight,macbook_air,macbook-air-13,https://applemac.pk/public/uploads/products/1771252964.webp,16,256,M4,10,8,13.0,Midnight,macbook_air_scr13_0_chipm4,macbook_air_scr13_0_chipm4_ram16_ssd256,2026-09-16T00:22:18.878661+00:00,2026-09-22T08:36:51.699127+00:00
apple-macbook-air-13-mw133-m4-10c-cpu-10c-gpu-16gb-512gb-midnight,https://applemac.pk/product/apple-macbook-air-13-mw133-m4-10c-cpu-10c-gpu-16gb-512gb-midnight,Apple MacBook Air 13 MW133 M4 10C CPU 10C GPU 16GB 512GB Midnight,macbook_air,macbook-air-13,https://applemac.pk/public/uploads/products/1771253473.webp,16,512,M4,10,10,13.0,Midnight,macbook_air_scr13_0_chipm4,macbook_air_scr13_0_chipm4_ram16_ssd512,2026-09-16T00:22:18.878661+00:00,2026-09-22T08:36:51.699127+00:00
apple-macbook-air-13-z1l2000sb-m5-10c-cpu-10c-gpu-32gb-1tb-sky-blue,https://applemac.pk/product/apple-macbook-air-13-z1l2000sb-m5-10c-cpu-10c-gpu-32gb-1tb-sky-blue,Apple MacBook Air 13 Z1L2000SB M5 10C CPU 10C GPU 32GB 1TB Sky Blue,macbook_air,macbook-air-13,https://applemac.pk/public/uploads/products/1777975596.webp,32,1024,M5,10,10,13.0,Sky Blue,macbook_air_scr13_0_chipm5,macbook_air_scr13_0_chipm5_ram32_ssd1024,2026-09-16T00:22:18.878661+00:00,2026-09-22T08:36:51.699127+00:00
apple-macbook-air-13-z1lb000uv-m5-10c-cpu-10c-gpu-32gb-4tb-sky-blue,https://applemac.pk/product/apple-macbook-air-13-z1lb000uv-m5-10c-cpu-10c-gpu-32gb-4tb-sky-blue,Apple MacBook Air 13 Z1LB000UV M5 10C CPU 10C GPU 32GB 4TB Sky Blue,macbook_air,macbook-air-13,https://applemac.pk/public/uploads/products/1777976020.webp,32,4096,M5,10,10,13.0,Sky Blue,macbook_air_scr13_0_chipm5,macbook_air_scr13_0_chipm5_ram32_ssd4096,2026-09-16T00:22:18.878661+00:00,2026-09-22T08:36:51.699127+00:00
apple-macbook-air-15-cto-m5-10c-cpu-10c-gpu-16gb-2tb-midnight,https://applemac.pk/product/apple-macbook-air-15-cto-m5-10c-cpu-10c-gpu-16gb-2tb-midnight,Apple MacBook Air 15 CTO M5 10C CPU 10C GPU 16GB 2TB Midnight,macbook_air,macbook-air-15,https://applemac.pk/public/uploads/products/1772696586.webp,16,2048,M5,10,10,15.0,Midnight,macbook_air_scr15_0_chipm5,macbook_air_scr15_0_chipm5_ram16_ssd2048,2026-09-16T00:22:18.878661+00:00,2026-09-22T08:36:51.699127+00:00
apple-macbook-air-15-cto-m5-10c-cpu-10c-gpu-16gb-4tb-midnight,https://applemac.pk/product/apple-macbook-air-15-cto-m5-10c-cpu-10c-gpu-16gb-4tb-midnight,Apple MacBook Air 15 CTO M5 10C CPU 10C GPU 16GB 4TB Midnight,macbook_air,macbook-air-15,https://applemac.pk/public/uploads/products/1772696586.webp,16,4096,M5,10,10,15.0,Midnight,macbook_air_scr15_0_chipm5,macbook_air_scr15_0_chipm5_ram16_ssd4096,2026-09-16T00:22:18.878661+00:00,2026-09-22T08:36:51.699127+00:00
apple-macbook-air-15-cto-m5-10c-cpu-10c-gpu-24gb-4tb-midnight,https://applemac.pk/product/apple-macbook-air-15-cto-m5-10c-cpu-10c-gpu-24gb-4tb-midnight,Apple MacBook Air 15 CTO M5 10C CPU 10C GPU 24GB 4TB Midnight,macbook_air,macbook-air-15,https://applemac.pk/public/uploads/products/1772696586.webp,24,4096,M5,10,10,15.0,Midnight,macbook_air_scr15_0_chipm5,macbook_air_scr15_0_chipm5_ram24_ssd4096,2026-09-16T00:22:18.878661+00:00,2026-09-22T08:36:51.699127+00:00
apple-macbook-air-15-cto-m5-10c-cpu-10c-gpu-24gb-512gb-midnight,https://applemac.pk/product/apple-macbook-air-15-cto-m5-10c-cpu-10c-gpu-24gb-512gb-midnight,Apple MacBook Air 15 CTO M5 10C CPU 10C GPU 24GB 512GB Midnight,macbook_air,macbook-air-15,https://applemac.pk/public/uploads/products/1772696586.webp,24,512,M5,10,10,15.0,Midnight,macbook_air_scr15_0_chipm5,macbook_air_scr15_0_chipm5_ram24_ssd512,2026-09-16T00:22:18.878661+00:00,2026-09-22T08:36:51.699127+00:00
apple-macbook-air-15-cto-m5-10c-cpu-10c-gpu-32gb-4tb-sky-blue,https://applemac.pk/product/apple-macbook-air-15-cto-m5-10c-cpu-10c-gpu-32gb-4tb-sky-blue,Apple MacBook Air 15 CTO M5 10C CPU 10C GPU 32GB 4TB Sky Blue,macbook_air,macbook-air-15,https://applemac.pk/public/uploads/products/1777976380.webp,32,4096,M5,10,10,15.0,Sky Blue,macbook_air_scr15_0_chipm5,macbook_air_scr15_0_chipm5_ram32_ssd4096,2026-09-16T00:22:18.878661+00:00,2026-09-22T08:36:51.699127+00:00
apple-macbook-air-15-cto-m5-10c-cpu-10c-gpu-32gb-512gb-sky-blue,https://applemac.pk/product/apple-macbook-air-15-cto-m5-10c-cpu-10c-gpu-32gb-512gb-sky-blue,Apple MacBook Air 15 CTO M5 10C CPU 10C GPU 32GB 512GB Sky Blue,macbook_air,macbook-air-15,https://applemac.pk/public/uploads/products/1777975838.webp,32,512,M5,10,10,15.0,Sky Blue,macbook_air_scr15_0_chipm5,macbook_air_scr15_0_chipm5_ram32_ssd512,2026-09-16T00:22:18.878661+00:00,2026-09-22T08:36:51.699127+00:00
apple-macbook-air-15-mc6j4-m4-10c-cpu-10c-gpu-24gb-512gb-silver,https://applemac.pk/product/apple-macbook-air-15-mc6j4-m4-10c-cpu-10c-gpu-24gb-512gb-silver,Apple MacBook Air 15 MC6J4 M4 10C CPU 10C GPU 24GB 512GB Silver,macbook_air,macbook-air-15,https://applemac.pk/public/uploads/products/1771255510.webp,24,512,M4,10,10,15.0,Silver,macbook_air_scr15_0_chipm4,macbook_air_scr15_0_chipm4_ram24_ssd512,2026-09-16T00:22:18.878661+00:00,2026-09-22T08:36:51.699127+00:00
apple-macbook-air-15-mc6k4-m4-10c-cpu-10c-gpu-24gb-512gb-starlight,https://applemac.pk/product/apple-macbook-air-15-mc6k4-m4-10c-cpu-10c-gpu-24gb-512gb-starlight,Apple MacBook Air 15 MC6K4 M4 10C CPU 10C GPU 24GB 512GB Starlight,macbook_air,macbook-air-15,https://applemac.pk/public/uploads/products/1771255486.webp,24,512,M4,10,10,15.0,Starlight,macbook_air_scr15_0_chipm4,macbook_air_scr15_0_chipm4_ram24_ssd512,2026-09-16T00:22:18.878661+00:00,2026-09-22T08:36:51.699127+00:00
apple-macbook-air-15-mc6l4-m4-10c-cpu-10c-gpu-24gb-512gb-midnight,https://applemac.pk/product/apple-macbook-air-15-mc6l4-m4-10c-cpu-10c-gpu-24gb-512gb-midnight,Apple MacBook Air 15 MC6L4 M4 10C CPU 10C GPU 24GB 512GB Midnight,macbook_air,macbook-air-15,https://applemac.pk/public/uploads/products/1771255466.webp,24,512,M4,10,10,15.0,Midnight,macbook_air_scr15_0_chipm4,macbook_air_scr15_0_chipm4_ram24_ssd512,2026-09-16T00:22:18.878661+00:00,2026-09-22T08:36:51.699127+00:00
apple-macbook-air-15-mc7a4-m4-10c-cpu-10c-gpu-16gb-256gb-sky-blue,https://applemac.pk/product/apple-macbook-air-15-mc7a4-m4-10c-cpu-10c-gpu-16gb-256gb-sky-blue,Apple MacBook Air 15 MC7A4 M4 10C CPU 10C GPU 16GB 256GB Sky Blue,macbook_air,macbook-air-15,https://applemac.pk/public/uploads/products/1771255573.webp,16,256,M4,10,10,15.0,Sky Blue,macbook_air_scr15_0_chipm4,macbook_air_scr15_0_chipm4_ram16_ssd256,2026-09-16T00:22:18.878661+00:00,2026-09-22T08:36:51.699127+00:00
apple-macbook-air-15-mc7c4-m4-10c-cpu-10c-gpu-16gb-512gb-sky-blue,https://applemac.pk/product/apple-macbook-air-15-mc7c4-m4-10c-cpu-10c-gpu-16gb-512gb-sky-blue,Apple MacBook Air 15 MC7C4 M4 10C CPU 10C GPU 16GB 512GB Sky Blue,macbook_air,macbook-air-15,https://applemac.pk/public/uploads/products/1771255548.webp,16,512,M4,10,10,15.0,Sky Blue,macbook_air_scr15_0_chipm4,macbook_air_scr15_0_chipm4_ram16_ssd512,2026-09-16T00:22:18.878661+00:00,2026-09-22T08:36:51.699127+00:00
apple-macbook-air-15-mc7d4-m4-10c-cpu-10c-gpu-24gb-512gb-sky-blue,https://applemac.pk/product/apple-macbook-air-15-mc7d4-m4-10c-cpu-10c-gpu-24gb-512gb-sky-blue,Apple MacBook Air 15 MC7D4 M4 10C CPU 10C GPU 24GB 512GB Sky Blue,macbook_air,macbook-air-15,https://applemac.pk/public/uploads/products/1771255530.webp,24,512,M4,10,10,15.0,Sky Blue,macbook_air_scr15_0_chipm4,macbook_air_scr15_0_chipm4_ram24_ssd512,2026-09-16T00:22:18.878661+00:00,2026-09-22T08:36:51.699127+00:00
apple-macbook-air-15-mdv94-m5-10c-cpu-10c-gpu-16gb-512gb-silver,https://applemac.pk/product/apple-macbook-air-15-mdv94-m5-10c-cpu-10c-gpu-16gb-512gb-silver,Apple MacBook Air 15 MDV94 M5 10C CPU 10C GPU 16GB 512GB Silver,macbook_air,macbook-air-15,https://applemac.pk/public/uploads/products/1772705593.webp,16,512,M5,10,10,15.0,Silver,macbook_air_scr15_0_chipm5,macbook_air_scr15_0_chipm5_ram16_ssd512,2026-09-16T00:22:18.878661+00:00,2026-09-22T08:36:51.699127+00:00
apple-macbook-air-15-mdva4-m5-10c-cpu-10c-gpu-16gb-1tb-silver,https://applemac.pk/product/apple-macbook-air-15-mdva4-m5-10c-cpu-10c-gpu-16gb-1tb-silver,Apple MacBook Air 15 MDVA4 M5 10C CPU 10C GPU 16GB 1TB Silver,macbook_air,macbook-air-15,https://applemac.pk/public/uploads/products/1772705593.webp,16,1024,M5,10,10,15.0,Silver,macbook_air_scr15_0_chipm5,macbook_air_scr15_0_chipm5_ram16_ssd1024,2026-09-16T00:22:18.878661+00:00,2026-09-22T08:36:51.699127+00:00
apple-macbook-air-15-mdvc4-m5-10c-cpu-10c-gpu-24gb-1tb-silver,https://applemac.pk/product/apple-macbook-air-15-mdvc4-m5-10c-cpu-10c-gpu-24gb-1tb-silver,Apple MacBook Air 15 MDVC4 M5 10C CPU 10C GPU 24GB 1TB Silver,macbook_air,macbook-air-15,https://applemac.pk/public/uploads/products/1772708740.webp,24,1024,M5,10,10,15.0,Silver,macbook_air_scr15_0_chipm5,macbook_air_scr15_0_chipm5_ram24_ssd1024,2026-09-16T00:22:18.878661+00:00,2026-09-22T08:36:51.699127+00:00
apple-macbook-air-15-mdvd4-m5-10c-cpu-10c-gpu-16gb-512gb-starlight,https://applemac.pk/product/apple-macbook-air-15-mdvd4-m5-10c-cpu-10c-gpu-16gb-512gb-starlight,Apple MacBook Air 15 MDVD4 M5 10C CPU 10C GPU 16GB 512GB Starlight,macbook_air,macbook-air-15,https://applemac.pk/public/uploads/products/1772695219.webp,16,512,M5,10,10,15.0,Starlight,macbook_air_scr15_0_chipm5,macbook_air_scr15_0_chipm5_ram16_ssd512,2026-09-16T00:22:18.878661+00:00,2026-09-22T08:36:51.699127+00:00
apple-macbook-air-15-mdve4-m5-10c-cpu-10c-gpu-16gb-1tb-starlight,https://applemac.pk/product/apple-macbook-air-15-mdve4-m5-10c-cpu-10c-gpu-16gb-1tb-starlight,Apple MacBook Air 15 MDVE4 M5 10C CPU 10C GPU 16GB 1TB Starlight,macbook_air,macbook-air-15,https://applemac.pk/public/uploads/products/1772695219.webp,16,1024,M5,10,10,15.0,Starlight,macbook_air_scr15_0_chipm5,macbook_air_scr15_0_chipm5_ram16_ssd1024,2026-09-16T00:22:18.878661+00:00,2026-09-22T08:36:51.699127+00:00
apple-macbook-air-15-mdvf4-m5-10c-cpu-10c-gpu-24gb-1tb-starlight,https://applemac.pk/product/apple-macbook-air-15-mdvf4-m5-10c-cpu-10c-gpu-24gb-1tb-starlight,Apple MacBook Air 15 MDVF4 M5 10C CPU 10C GPU 24GB 1TB Starlight,macbook_air,macbook-air-15,https://applemac.pk/public/uploads/products/1772709019.webp,24,1024,M5,10,10,15.0,Starlight,macbook_air_scr15_0_chipm5,macbook_air_scr15_0_chipm5_ram24_ssd1024,2026-09-16T00:22:18.878661+00:00,2026-09-22T08:36:51.699127+00:00
apple-macbook-air-15-mdvh4-m5-10c-cpu-10c-gpu-16gb-512gb-midnight,https://applemac.pk/product/apple-macbook-air-15-mdvh4-m5-10c-cpu-10c-gpu-16gb-512gb-midnight,Apple MacBook Air 15 MDVH4 M5 10C CPU 10C GPU 16GB 512GB Midnight,macbook_air,macbook-air-15,https://applemac.pk/public/uploads/products/1772696586.webp,16,512,M5,10,10,15.0,Midnight,macbook_air_scr15_0_chipm5,macbook_air_scr15_0_chipm5_ram16_ssd512,2026-09-16T00:22:18.878661+00:00,2026-09-22T08:36:51.699127+00:00
apple-macbook-air-15-mdvk4-m5-10c-cpu-10c-gpu-16gb-1tb-midnight,https://applemac.pk/product/apple-macbook-air-15-mdvk4-m5-10c-cpu-10c-gpu-16gb-1tb-midnight,Apple MacBook Air 15 MDVK4 M5 10C CPU 10C GPU 16GB 1TB Midnight,macbook_air,macbook-air-15,https://applemac.pk/public/uploads/products/1772696586.webp,16,1024,M5,10,10,15.0,Midnight,macbook_air_scr15_0_chipm5,macbook_air_scr15_0_chipm5_ram16_ssd1024,2026-09-16T00:22:18.878661+00:00,2026-09-22T08:36:51.699127+00:00
apple-macbook-air-15-mdvn4-m5-10c-cpu-10c-gpu-24gb-1tb-midnight,https://applemac.pk/product/apple-macbook-air-15-mdvn4-m5-10c-cpu-10c-gpu-24gb-1tb-midnight,Apple MacBook Air 15 MDVN4 M5 10C CPU 10C GPU 24GB 1TB Midnight,macbook_air,macbook-air-15,https://applemac.pk/public/uploads/products/1772696586.webp,24,1024,M5,10,10,15.0,Midnight,macbook_air_scr15_0_chipm5,macbook_air_scr15_0_chipm5_ram24_ssd1024,2026-09-16T00:22:18.878661+00:00,2026-09-22T08:36:51.699127+00:00
apple-macbook-air-15-mdvq4-m5-10c-cpu-10c-gpu-16gb-512gb-sky-blue,https://applemac.pk/product/apple-macbook-air-15-mdvq4-m5-10c-cpu-10c-gpu-16gb-512gb-sky-blue,Apple MacBook Air 15 MDVQ4 M5 10C CPU 10C GPU 16GB 512GB Sky Blue,macbook_air,macbook-air-15,https://applemac.pk/public/uploads/products/1772705818.webp,16,512,M5,10,10,15.0,Sky Blue,macbook_air_scr15_0_chipm5,macbook_air_scr15_0_chipm5_ram16_ssd512,2026-09-16T00:22:18.878661+00:00,2026-09-22T08:36:51.699127+00:00
apple-macbook-air-15-mdvt4-m5-10c-cpu-10c-gpu-16gb-1tb-sky-blue,https://applemac.pk/product/apple-macbook-air-15-mdvt4-m5-10c-cpu-10c-gpu-16gb-1tb-sky-blue,Apple MacBook Air 15 MDVT4 M5 10C CPU 10C GPU 16GB 1TB Sky Blue,macbook_air,macbook-air-15,https://applemac.pk/public/uploads/products/1772705818.webp,16,1024,M5,10,10,15.0,Sky Blue,macbook_air_scr15_0_chipm5,macbook_air_scr15_0_chipm5_ram16_ssd1024,2026-09-16T00:22:18.878661+00:00,2026-09-22T08:36:51.699127+00:00
apple-macbook-air-15-mdvu4-m5-10c-cpu-10c-gpu-24gb-1tb-sky-blue,https://applemac.pk/product/apple-macbook-air-15-mdvu4-m5-10c-cpu-10c-gpu-24gb-1tb-sky-blue,Apple MacBook Air 15 MDVU4 M5 10C CPU 10C GPU 24GB 1TB Sky Blue,macbook_air,macbook-air-15,https://applemac.pk/public/uploads/products/1772708896.webp,24,1024,M5,10,10,15.0,Sky Blue,macbook_air_scr15_0_chipm5,macbook_air_scr15_0_chipm5_ram24_ssd1024,2026-09-16T00:22:18.878661+00:00,2026-09-22T08:36:51.699127+00:00
apple-macbook-air-15-mw1g3-m4-10c-cpu-10c-gpu-16gb-256gb-silver,https://applemac.pk/product/apple-macbook-air-15-mw1g3-m4-10c-cpu-10c-gpu-16gb-256gb-silver,Apple MacBook Air 15 MW1G3 M4 10C CPU 10C GPU 16GB 256GB Silver,macbook_air,macbook-air-15,https://applemac.pk/public/uploads/products/1771255278.webp,16,256,M4,10,10,15.0,Silver,macbook_air_scr15_0_chipm4,macbook_air_scr15_0_chipm4_ram16_ssd256,2026-09-16T00:22:18.878661+00:00,2026-09-22T08:36:51.699127+00:00
apple-macbook-air-15-mw1h3-m4-10c-cpu-10c-gpu-16gb-512gb-silver,https://applemac.pk/product/apple-macbook-air-15-mw1h3-m4-10c-cpu-10c-gpu-16gb-512gb-silver,Apple MacBook Air 15 MW1H3 M4 10C CPU 10C GPU 16GB 512GB Silver,macbook_air,macbook-air-15,https://applemac.pk/public/uploads/products/1771255366.webp,16,512,M4,10,10,15.0,Silver,macbook_air_scr15_0_chipm4,macbook_air_scr15_0_chipm4_ram16_ssd512,2026-09-16T00:22:18.878661+00:00,2026-09-22T08:36:51.699127+00:00
apple-macbook-air-15-mw1j3-m4-10c-cpu-10c-gpu-16gb-256gb-starlight,https://applemac.pk/product/apple-macbook-air-15-mw1j3-m4-10c-cpu-10c-gpu-16gb-256gb-starlight,Apple MacBook Air 15 MW1J3 M4 10C CPU 10C GPU 16GB 256GB Starlight,macbook_air,macbook-air-15,https://applemac.pk/public/uploads/products/1771255259.webp,16,256,M4,10,10,15.0,Starlight,macbook_air_scr15_0_chipm4,macbook_air_scr15_0_chipm4_ram16_ssd256,2026-09-16T00:22:18.878661+00:00,2026-09-22T08:36:51.699127+00:00
apple-macbook-air-15-mw1k3-m4-10c-cpu-10c-gpu-16gb-512gb-starlight,https://applemac.pk/product/apple-macbook-air-15-mw1k3-m4-10c-cpu-10c-gpu-16gb-512gb-starlight,Apple MacBook Air 15 MW1K3 M4 10C CPU 10C GPU 16GB 512GB Starlight,macbook_air,macbook-air-15,https://applemac.pk/public/uploads/products/1771255336.webp,16,512,M4,10,10,15.0,Starlight,macbook_air_scr15_0_chipm4,macbook_air_scr15_0_chipm4_ram16_ssd512,2026-09-16T00:22:18.878661+00:00,2026-09-22T08:36:51.699127+00:00
apple-macbook-air-15-mw1l3-m4-10c-cpu-10c-gpu-16gb-256gb-midnight,https://applemac.pk/product/apple-macbook-air-15-mw1l3-m4-10c-cpu-10c-gpu-16gb-256gb-midnight,Apple MacBook Air 15 MW1L3 M4 10C CPU 10C GPU 16GB 256GB Midnight,macbook_air,macbook-air-15,https://applemac.pk/public/uploads/products/1771255219.webp,16,256,M4,10,10,15.0,Midnight,macbook_air_scr15_0_chipm4,macbook_air_scr15_0_chipm4_ram16_ssd256,2026-09-16T00:22:18.878661+00:00,2026-09-22T08:36:51.699127+00:00
apple-macbook-air-15-mw1m3-m4-10c-cpu-10c-gpu-16gb-512gb-midnight,https://applemac.pk/product/apple-macbook-air-15-mw1m3-m4-10c-cpu-10c-gpu-16gb-512gb-midnight,Apple MacBook Air 15 MW1M3  M4 10C CPU 10C GPU 16GB 512GB Midnight,macbook_air,macbook-air-15,https://applemac.pk/public/uploads/products/1771255318.webp,16,512,M4,10,10,15.0,Midnight,macbook_air_scr15_0_chipm4,macbook_air_scr15_0_chipm4_ram16_ssd512,2026-09-16T00:22:18.878661+00:00,2026-09-22T08:36:51.699127+00:00
apple-macbook-air-15-z1ls000vh-m5-10c-cpu-10c-gpu-24gb-2tb-sky-blue,https://applemac.pk/product/apple-macbook-air-15-z1ls000vh-m5-10c-cpu-10c-gpu-24gb-2tb-sky-blue,Apple MacBook Air 15 Z1LS000VH M5 10C CPU 10C GPU 24GB 2TB Sky Blue,macbook_air,macbook-air-15,https://applemac.pk/public/uploads/products/1777976020.webp,24,2048,M5,10,10,15.0,Sky Blue,macbook_air_scr15_0_chipm5,macbook_air_scr15_0_chipm5_ram24_ssd2048,2026-09-16T00:22:18.878661+00:00,2026-09-22T08:36:51.699127+00:00
apple-macbook-air-15-z1ls000vj-m5-10c-cpu-10c-gpu-32gb-1tb-sky-blue,https://applemac.pk/product/apple-macbook-air-15-z1ls000vj-m5-10c-cpu-10c-gpu-32gb-1tb-sky-blue,Apple MacBook Air 15 Z1LS000VJ M5 10C CPU 10C GPU 32GB 1TB Sky Blue,macbook_air,macbook-air-15,https://applemac.pk/public/uploads/products/1777976380.webp,32,1024,M5,10,10,15.0,Sky Blue,macbook_air_scr15_0_chipm5,macbook_air_scr15_0_chipm5_ram32_ssd1024,2026-09-16T00:22:18.878661+00:00,2026-09-22T08:36:51.699127+00:00
apple-macbook-air-15-z1m2000w8-m5-10c-cpu-10c-gpu-32gb-2tb-sky-blue,https://applemac.pk/product/apple-macbook-air-15-z1m2000w8-m5-10c-cpu-10c-gpu-32gb-2tb-sky-blue,Apple MacBook Air 15 Z1M2000W8 M5 10C CPU 10C GPU 32GB 2TB Sky Blue,macbook_air,macbook-air-15,https://applemac.pk/public/uploads/products/1777975838.webp,32,2048,M5,10,10,15.0,Sky Blue,macbook_air_scr15_0_chipm5,macbook_air_scr15_0_chipm5_ram32_ssd2048,2026-09-16T00:22:18.878661+00:00,2026-09-22T08:36:51.699127+00:00
apple-macbook-air-z1l2000vn-13-m5-10c-cpu-10c-gpu-24gb-2tb-silver,https://applemac.pk/product/apple-macbook-air-z1l2000vn-13-m5-10c-cpu-10c-gpu-24gb-2tb-silver,Apple MacBook Air Z1L2000VN 13 M5 10C CPU 10C GPU 24GB 2TB Silver,macbook_air,macbook-air-13,https://applemac.pk/public/uploads/products/1777971030.webp,24,2048,M5,10,10,13.0,Silver,macbook_air_scr13_0_chipm5,macbook_air_scr13_0_chipm5_ram24_ssd2048,2026-09-16T00:22:18.878661+00:00,2026-09-22T08:36:51.699127+00:00
apple-macbook-pro-14inch-mcx04-m4-10core-cpu-10core-gpu-24gb-1tb-space-black,https://applemac.pk/product/apple-macbook-pro-14inch-mcx04-m4-10core-cpu-10core-gpu-24gb-1tb-space-black,Apple MacBook Pro 14Inch MCX04 M4 10Core CPU 10Core GPU 24GB 1TB Space Black,macbook_pro,macbook-pro-14,https://applemac.pk/public/uploads/products/1771323557.webp,24,1024,M4,10,10,14.0,Space Black,macbook_pro_scr14_0_chipm4,macbook_pro_scr14_0_chipm4_ram24_ssd1024,2026-09-16T00:22:18.878661+00:00,2026-09-22T08:36:51.699127+00:00
apple-macbook-pro-14inch-mcx14-m4-10core-cpu-10core-gpu-24gb-1tb-silver,https://applemac.pk/product/apple-macbook-pro-14inch-mcx14-m4-10core-cpu-10core-gpu-24gb-1tb-silver,Apple MacBook Pro 14Inch MCX14 M4 10Core CPU 10Core GPU 24GB 1TB Silver,macbook_pro,macbook-pro-14,https://applemac.pk/public/uploads/products/1771323527.webp,24,1024,M4,10,10,14.0,Silver,macbook_pro_scr14_0_chipm4,macbook_pro_scr14_0_chipm4_ram24_ssd1024,2026-09-16T00:22:18.878661+00:00,2026-09-22T08:36:51.699127+00:00
apple-macbook-pro-14inch-mw2u3-m4-10core-cpu-10core-gpu-16gb-512gb-space-black,https://applemac.pk/product/apple-macbook-pro-14inch-mw2u3-m4-10core-cpu-10core-gpu-16gb-512gb-space-black,Apple MacBook Pro 14Inch MW2U3 M4 10Core CPU 10Core GPU 16GB 512GB Space Black,macbook_pro,macbook-pro-14,https://applemac.pk/public/uploads/products/1771323639.webp,16,512,M4,10,10,14.0,Space Black,macbook_pro_scr14_0_chipm4,macbook_pro_scr14_0_chipm4_ram16_ssd512,2026-09-16T00:22:18.878661+00:00,2026-09-22T08:36:51.699127+00:00
apple-macbook-pro-14inch-mw2v3-m4-10core-cpu-10core-gpu-16gb-1tb-space-black,https://applemac.pk/product/apple-macbook-pro-14inch-mw2v3-m4-10core-cpu-10core-gpu-16gb-1tb-space-black,Apple MacBook Pro 14Inch MW2V3 M4 10Core CPU 10Core GPU 16GB 1TB Space Black,macbook_pro,macbook-pro-14,https://applemac.pk/public/uploads/products/1771323583.webp,16,1024,M4,10,10,14.0,Space Black,macbook_pro_scr14_0_chipm4,macbook_pro_scr14_0_chipm4_ram16_ssd1024,2026-09-16T00:22:18.878661+00:00,2026-09-22T08:36:51.699127+00:00
apple-macbook-pro-14inch-mw2w3-m4-10core-cpu-10core-gpu-16gb-512gb-silver,https://applemac.pk/product/apple-macbook-pro-14inch-mw2w3-m4-10core-cpu-10core-gpu-16gb-512gb-silver,Apple MacBook Pro 14Inch MW2W3 M4 10Core CPU 10Core GPU 16GB 512GB Silver,macbook_pro,macbook-pro-14,https://applemac.pk/public/uploads/products/1771323840.webp,16,512,M4,10,10,14.0,Silver,macbook_pro_scr14_0_chipm4,macbook_pro_scr14_0_chipm4_ram16_ssd512,2026-09-16T00:22:18.878661+00:00,2026-09-22T08:36:51.699127+00:00
apple-macbook-pro-14inch-mw2x3-m4-10core-cpu-10core-gpu-16gb-1tb-silver,https://applemac.pk/product/apple-macbook-pro-14inch-mw2x3-m4-10core-cpu-10core-gpu-16gb-1tb-silver,Apple MacBook Pro 14Inch MW2X3 M4 10Core CPU 10Core GPU 16GB 1TB Silver,macbook_pro,macbook-pro-14,https://applemac.pk/public/uploads/products/1771323608.webp,16,1024,M4,10,10,14.0,Silver,macbook_pro_scr14_0_chipm4,macbook_pro_scr14_0_chipm4_ram16_ssd1024,2026-09-16T00:22:18.878661+00:00,2026-09-22T08:36:51.699127+00:00
apple-macbook-pro-14inch-mx2e3-m4-pro-12core-cpu-16core-gpu-24gb-512gb-silver,https://applemac.pk/product/apple-macbook-pro-14inch-mx2e3-m4-pro-12core-cpu-16core-gpu-24gb-512gb-silver,Apple MacBook Pro 14Inch MX2E3 M4 Pro 12Core CPU 16Core GPU 24GB 512GB Silver,macbook_pro,macbook-pro-14,https://applemac.pk/public/uploads/products/1771323478.webp,24,512,M4 Pro,12,16,14.0,Silver,macbook_pro_scr14_0_chipm4_pro,macbook_pro_scr14_0_chipm4_pro_ram24_ssd512,2026-09-16T00:22:18.878661+00:00,2026-09-22T08:36:51.699127+00:00
apple-macbook-pro-14inch-mx2f3-m4-pro-14core-cpu-20core-gpu-24gb-1tb-silver,https://applemac.pk/product/apple-macbook-pro-14inch-mx2f3-m4-pro-14core-cpu-20core-gpu-24gb-1tb-silver,Apple MacBook Pro 14Inch MX2F3 M4 Pro 14Core CPU 20Core GPU 24GB 1TB Silver,macbook_pro,macbook-pro-14,https://applemac.pk/public/uploads/products/1771320619.webp,24,1024,M4 Pro,14,20,14.0,Silver,macbook_pro_scr14_0_chipm4_pro,macbook_pro_scr14_0_chipm4_pro_ram24_ssd1024,2026-09-16T00:22:18.878661+00:00,2026-09-22T08:36:51.699127+00:00
apple-macbook-pro-14inch-mx2g3-14core-cpu-32core-gpu-m4-max-36gb-1tb-silver,https://applemac.pk/product/apple-macbook-pro-14inch-mx2g3-14core-cpu-32core-gpu-m4-max-36gb-1tb-silver,Apple MacBook Pro 14Inch MX2G3 14Core CPU 32Core GPU M4 Max 36GB 1TB Silver,macbook_pro,macbook-pro-14,https://applemac.pk/public/uploads/products/1771323389.webp,36,1024,M4 Max,14,32,14.0,Silver,macbook_pro_scr14_0_chipm4_max,macbook_pro_scr14_0_chipm4_max_ram36_ssd1024,2026-09-16T00:22:18.878661+00:00,2026-09-22T08:36:51.699127+00:00
apple-macbook-pro-14inch-mx2h3-m4-pro-12core-cpu-16core-gpu-24gb-512gb-space-black,https://applemac.pk/product/apple-macbook-pro-14inch-mx2h3-m4-pro-12core-cpu-16core-gpu-24gb-512gb-space-black,Apple MacBook Pro 14Inch MX2H3 M4 Pro 12Core CPU 16Core GPU 24GB 512GB Space Black,macbook_pro,macbook-pro-14,https://applemac.pk/public/uploads/products/1771323502.webp,24,512,M4 Pro,12,16,14.0,Space Black,macbook_pro_scr14_0_chipm4_pro,macbook_pro_scr14_0_chipm4_pro_ram24_ssd512,2026-09-16T00:22:18.878661+00:00,2026-09-22T08:36:51.699127+00:00
apple-macbook-pro-14inch-mx2j3-m4-pro-14core-cpu-20core-gpu-24gb-1tb-space-black,https://applemac.pk/product/apple-macbook-pro-14inch-mx2j3-m4-pro-14core-cpu-20core-gpu-24gb-1tb-space-black,Apple MacBook Pro 14Inch MX2J3 M4 Pro 14Core CPU 20Core GPU 24GB 1TB Space Black,macbook_pro,macbook-pro-14,https://applemac.pk/public/uploads/products/1771323360.webp,24,1024,M4 Pro,14,20,14.0,Space Black,macbook_pro_scr14_0_chipm4_pro,macbook_pro_scr14_0_chipm4_pro_ram24_ssd1024,2026-09-16T00:22:18.878661+00:00,2026-09-22T08:36:51.699127+00:00
apple-macbook-pro-14inch-mx2k3-14core-cpu-32core-gpu-m4-max-36gb-1tb-space-black,https://applemac.pk/product/apple-macbook-pro-14inch-mx2k3-14core-cpu-32core-gpu-m4-max-36gb-1tb-space-black,Apple MacBook Pro 14Inch MX2K3 14Core CPU 32Core GPU M4 Max 36GB 1TB Space Black,macbook_pro,macbook-pro-14,https://applemac.pk/public/uploads/products/1771323416.webp,36,1024,M4 Max,14,32,14.0,Space Black,macbook_pro_scr14_0_chipm4_max,macbook_pro_scr14_0_chipm4_max_ram36_ssd1024,2026-09-16T00:22:18.878661+00:00,2026-09-22T08:36:51.699127+00:00
apple-macbook-pro-16-cto-m5-max-18-core-cpu-40-core-gpu-64gb-2tb-space-black,https://applemac.pk/product/apple-macbook-pro-16-cto-m5-max-18-core-cpu-40-core-gpu-64gb-2tb-space-black,Apple MacBook Pro 16 CTO M5 Max 18 Core CPU 40 Core GPU 64GB 2TB Space Black,macbook_pro,macbook-pro-16,https://applemac.pk/public/uploads/products/1778593762.webp,64,2048,M5 Max,18,40,16.0,Space Black,macbook_pro_scr16_0_chipm5_max,macbook_pro_scr16_0_chipm5_max_ram64_ssd2048,2026-09-16T00:22:18.878661+00:00,2026-09-22T08:36:51.699127+00:00
apple-macbook-pro-16-m5-max-18-core-cpu-40-core-gpu-128gb-2tb-silver,https://applemac.pk/product/apple-macbook-pro-16-m5-max-18-core-cpu-40-core-gpu-128gb-2tb-silver,Apple MacBook Pro 16 M5 Max 18 Core CPU 40 Core GPU 128GB 2TB Silver,macbook_pro,macbook-pro-16,https://applemac.pk/public/uploads/products/1778857969.webp,128,2048,M5 Max,18,40,16.0,Space Black,macbook_pro_scr16_0_chipm5_max,macbook_pro_scr16_0_chipm5_max_ram128_ssd2048,2026-09-16T00:22:18.878661+00:00,2026-09-22T08:36:51.699127+00:00
apple-macbook-pro-16-m5-max-18-core-cpu-40-core-gpu-128gb-4tb-silver,https://applemac.pk/product/apple-macbook-pro-16-m5-max-18-core-cpu-40-core-gpu-128gb-4tb-silver,Apple MacBook Pro 16 M5 Max 18 Core CPU 40 Core GPU 128GB 4TB Silver,macbook_pro,macbook-pro-16,https://applemac.pk/public/uploads/products/1778857969.webp,128,4096,M5 Max,18,40,16.0,Space Black,macbook_pro_scr16_0_chipm5_max,macbook_pro_scr16_0_chipm5_max_ram128_ssd4096,2026-09-16T00:22:18.878661+00:00,2026-09-22T08:36:51.699127+00:00
apple-macbook-pro-16-m5-max-18-core-cpu-40-core-gpu-128gb-8tb-silver,https://applemac.pk/product/apple-macbook-pro-16-m5-max-18-core-cpu-40-core-gpu-128gb-8tb-silver,Apple MacBook Pro 16 M5 Max 18 Core CPU 40 Core GPU 128GB 8TB Silver,macbook_pro,macbook-pro-16,https://applemac.pk/public/uploads/products/1778857969.webp,128,8192,M5 Max,18,40,16.0,Space Black,macbook_pro_scr16_0_chipm5_max,macbook_pro_scr16_0_chipm5_max_ram128_ssd8192,2026-09-16T00:22:18.878661+00:00,2026-09-22T08:36:51.699127+00:00
apple-macbook-pro-16inch-mx2t3-14core-cpu-20core-gpu-m4-pro-24gb-512gb-silver,https://applemac.pk/product/apple-macbook-pro-16inch-mx2t3-14core-cpu-20core-gpu-m4-pro-24gb-512gb-silver,Apple MacBook Pro 16Inch MX2T3 14Core CPU 20Core GPU M4 Pro 24GB 512GB Silver,macbook_pro,macbook-pro-16,https://applemac.pk/public/uploads/products/1771332249.webp,24,512,M4 Pro,14,20,16.0,Silver,macbook_pro_scr16_0_chipm4_pro,macbook_pro_scr16_0_chipm4_pro_ram24_ssd512,2026-09-16T00:22:18.878661+00:00,2026-09-22T08:36:51.699127+00:00
apple-macbook-pro-16inch-mx2u3-14core-cpu-20core-gpu-m4-pro-48gb-512gb-silver,https://applemac.pk/product/apple-macbook-pro-16inch-mx2u3-14core-cpu-20core-gpu-m4-pro-48gb-512gb-silver,Apple MacBook Pro 16Inch MX2U3 14Core CPU 20Core GPU M4 Pro 48GB 512GB Silver,macbook_pro,macbook-pro-16,https://applemac.pk/public/uploads/products/1771332115.webp,48,512,M4 Pro,14,20,16.0,Silver,macbook_pro_scr16_0_chipm4_pro,macbook_pro_scr16_0_chipm4_pro_ram48_ssd512,2026-09-16T00:22:18.878661+00:00,2026-09-22T08:36:51.699127+00:00
apple-macbook-pro-16inch-mx2v3-14core-cpu-32core-gpu-m4-max-36gb-1tb-silver,https://applemac.pk/product/apple-macbook-pro-16inch-mx2v3-14core-cpu-32core-gpu-m4-max-36gb-1tb-silver,Apple MacBook Pro 16Inch MX2V3 14Core CPU 32Core GPU M4 Max 36GB 1TB Silver,macbook_pro,macbook-pro-16,https://applemac.pk/public/uploads/products/1771331922.webp,36,1024,M4 Max,14,32,16.0,Silver,macbook_pro_scr16_0_chipm4_max,macbook_pro_scr16_0_chipm4_max_ram36_ssd1024,2026-09-16T00:22:18.878661+00:00,2026-09-22T08:36:51.699127+00:00
apple-macbook-pro-16inch-mx2w3-16core-cpu-40core-gpu-m4-max-48gb-1tb-silver,https://applemac.pk/product/apple-macbook-pro-16inch-mx2w3-16core-cpu-40core-gpu-m4-max-48gb-1tb-silver,Apple MacBook Pro 16Inch MX2W3 16Core CPU 40Core GPU M4 Max  48GB 1TB Silver,macbook_pro,macbook-pro-16,https://applemac.pk/public/uploads/products/1771331819.webp,48,1024,M4 Max,16,40,16.0,Silver,macbook_pro_scr16_0_chipm4_max,macbook_pro_scr16_0_chipm4_max_ram48_ssd1024,2026-09-16T00:22:18.878661+00:00,2026-09-22T08:36:51.699127+00:00
apple-macbook-pro-16inch-mx2x3-14core-cpu-20core-gpu-m4-pro-24gb-512gb-space-black,https://applemac.pk/product/apple-macbook-pro-16inch-mx2x3-14core-cpu-20core-gpu-m4-pro-24gb-512gb-space-black,Apple MacBook Pro 16Inch MX2X3 14Core CPU 20Core GPU M4 Pro 24GB 512GB Space Black,macbook_pro,macbook-pro-16,https://applemac.pk/public/uploads/products/1771332137.webp,24,512,M4 Pro,14,20,16.0,Space Black,macbook_pro_scr16_0_chipm4_pro,macbook_pro_scr16_0_chipm4_pro_ram24_ssd512,2026-09-16T00:22:18.878661+00:00,2026-09-22T08:36:51.699127+00:00
apple-macbook-pro-16inch-mx2y3-14core-cpu-20core-gpu-m4-pro-48gb-512gb-space-black,https://applemac.pk/product/apple-macbook-pro-16inch-mx2y3-14core-cpu-20core-gpu-m4-pro-48gb-512gb-space-black,Apple MacBook Pro 16Inch MX2Y3 14Core CPU 20Core GPU M4 Pro 48GB 512GB Space Black,macbook_pro,macbook-pro-16,https://applemac.pk/public/uploads/products/1771332046.webp,48,512,M4 Pro,14,20,16.0,Space Black,macbook_pro_scr16_0_chipm4_pro,macbook_pro_scr16_0_chipm4_pro_ram48_ssd512,2026-09-16T00:22:18.878661+00:00,2026-09-22T08:36:51.699127+00:00
apple-macbook-pro-16inch-mx303-14core-cpu-32core-gpu-m4-max-36gb-1tb-space-black,https://applemac.pk/product/apple-macbook-pro-16inch-mx303-14core-cpu-32core-gpu-m4-max-36gb-1tb-space-black,Apple MacBook Pro 16Inch MX303 14Core CPU 32Core GPU M4 Max 36GB 1TB Space Black,macbook_pro,macbook-pro-16,https://applemac.pk/public/uploads/products/1771332017.webp,36,1024,M4 Max,14,32,16.0,Space Black,macbook_pro_scr16_0_chipm4_max,macbook_pro_scr16_0_chipm4_max_ram36_ssd1024,2026-09-16T00:22:18.878661+00:00,2026-09-22T08:36:51.699127+00:00
apple-macbook-pro-16inch-mx313-16core-cpu-40-core-gpu-m4-max-48gb-1tb-space-black,https://applemac.pk/product/apple-macbook-pro-16inch-mx313-16core-cpu-40-core-gpu-m4-max-48gb-1tb-space-black,Apple MacBook Pro 16Inch MX313 16Core CPU 40 Core GPU M4 Max 48GB 1TB Space Black,macbook_pro,macbook-pro-16,https://applemac.pk/public/uploads/products/1771331842.webp,48,1024,M4 Max,16,40,16.0,Space Black,macbook_pro_scr16_0_chipm4_max,macbook_pro_scr16_0_chipm4_max_ram48_ssd1024,2026-09-16T00:22:18.878661+00:00,2026-09-22T08:36:51.699127+00:00
iphone-17e-256gb-white,https://applemac.pk/product/iphone-17e-256gb-white,iPhone 17e 256GB White,iphone,iphone-17e,https://applemac.pk/public/uploads/products/1772789972.webp,8,256,Apple A19,,4,6.1,White,iphone_scr6_1_chipapple_a19,iphone_scr6_1_chipapple_a19_ram8_ssd256,2026-09-16T00:22:18.878661+00:00,2026-09-22T08:36:51.699127+00:00
iphone-17e-512gb-black,https://applemac.pk/product/iphone-17e-512gb-black,iPhone 17e 512GB Black,iphone,iphone-17e,https://applemac.pk/public/uploads/products/1772790418.webp,8,512,Apple A19,,4,6.1,Black,iphone_scr6_1_chipapple_a19,iphone_scr6_1_chipapple_a19_ram8_ssd512,2026-09-16T00:22:18.878661+00:00,2026-09-22T08:36:51.699127+00:00
macbook-pro-14-cto-m5-max-18-core-cpu-32-core-gpu-36gb-4tb-silver,https://applemac.pk/product/macbook-pro-14-cto-m5-max-18-core-cpu-32-core-gpu-36gb-4tb-silver,Macbook Pro 14 CTO M5 Max 18 Core CPU 32 Core GPU 36GB 4TB Silver,macbook_pro,macbook-pro-14,https://applemac.pk/public/uploads/products/1772704716.webp,36,4096,M5 Max,18,32,14.0,Silver,macbook_pro_scr14_0_chipm5_max,macbook_pro_scr14_0_chipm5_max_ram36_ssd4096,2026-09-16T00:22:18.878661+00:00,2026-09-22T08:36:51.699127+00:00
macbook-pro-14-cto-m5-max-18-core-cpu-32-core-gpu-36gb-8tb-silver,https://applemac.pk/product/macbook-pro-14-cto-m5-max-18-core-cpu-32-core-gpu-36gb-8tb-silver,Macbook Pro 14 CTO M5 Max 18 Core CPU 32 Core GPU 36GB 8TB Silver,macbook_pro,macbook-pro-14,https://applemac.pk/public/uploads/products/1772704716.webp,36,8192,M5 Max,18,32,14.0,Silver,macbook_pro_scr14_0_chipm5_max,macbook_pro_scr14_0_chipm5_max_ram36_ssd8192,2026-09-16T00:22:18.878661+00:00,2026-09-22T08:36:51.699127+00:00
macbook-pro-14-cto-m5-max-18-core-cpu-40-core-gpu-128gb-2tb-silver,https://applemac.pk/product/macbook-pro-14-cto-m5-max-18-core-cpu-40-core-gpu-128gb-2tb-silver,Macbook Pro 14 CTO M5 Max 18 Core CPU 40 Core GPU 128GB 2TB Silver,macbook_pro,macbook-pro-14,https://applemac.pk/public/uploads/products/1772704716.webp,128,2048,M5 Max,18,40,14.0,Silver,macbook_pro_scr14_0_chipm5_max,macbook_pro_scr14_0_chipm5_max_ram128_ssd2048,2026-09-16T00:22:18.878661+00:00,2026-09-22T08:36:51.699127+00:00
macbook-pro-14-cto-m5-max-18-core-cpu-40-core-gpu-128gb-4tb-silver,https://applemac.pk/product/macbook-pro-14-cto-m5-max-18-core-cpu-40-core-gpu-128gb-4tb-silver,Macbook Pro 14 CTO M5 Max 18 Core CPU 40 Core GPU 128GB 4TB Silver,macbook_pro,macbook-pro-14,https://applemac.pk/public/uploads/products/1772704716.webp,128,4096,M5 Max,18,40,14.0,Silver,macbook_pro_scr14_0_chipm5_max,macbook_pro_scr14_0_chipm5_max_ram128_ssd4096,2026-09-16T00:22:18.878661+00:00,2026-09-22T08:36:51.699127+00:00
macbook-pro-14-cto-m5-max-18-core-cpu-40-core-gpu-128gb-8tb-silver,https://applemac.pk/product/macbook-pro-14-cto-m5-max-18-core-cpu-40-core-gpu-128gb-8tb-silver,Macbook Pro 14 CTO M5 Max 18 Core CPU 40 Core GPU 128GB 8TB Silver,macbook_pro,macbook-pro-14,https://applemac.pk/public/uploads/products/1772704716.webp,128,8192,M5 Max,18,40,14.0,Silver,macbook_pro_scr14_0_chipm5_max,macbook_pro_scr14_0_chipm5_max_ram128_ssd8192,2026-09-16T00:22:18.878661+00:00,2026-09-22T08:36:51.699127+00:00
macbook-pro-14-cto-m5-max-18-core-cpu-40-core-gpu-48gb-2tb-silver,https://applemac.pk/product/macbook-pro-14-cto-m5-max-18-core-cpu-40-core-gpu-48gb-2tb-silver,Macbook Pro 14 CTO M5 Max 18 Core CPU 40 Core GPU 48GB 2TB Silver,macbook_pro,macbook-pro-14,https://applemac.pk/public/uploads/products/1772704716.webp,48,2048,M5 Max,18,40,14.0,Silver,macbook_pro_scr14_0_chipm5_max,macbook_pro_scr14_0_chipm5_max_ram48_ssd2048,2026-09-16T00:22:18.878661+00:00,2026-09-22T08:36:51.699127+00:00
macbook-pro-14-cto-m5-max-18-core-cpu-40-core-gpu-48gb-4tb-silver,https://applemac.pk/product/macbook-pro-14-cto-m5-max-18-core-cpu-40-core-gpu-48gb-4tb-silver,Macbook Pro 14 CTO M5 Max 18 Core CPU 40 Core GPU 48GB 4TB Silver,macbook_pro,macbook-pro-14,https://applemac.pk/public/uploads/products/1772704716.webp,48,4096,M5 Max,18,40,14.0,Silver,macbook_pro_scr14_0_chipm5_max,macbook_pro_scr14_0_chipm5_max_ram48_ssd4096,2026-09-16T00:22:18.878661+00:00,2026-09-22T08:36:51.699127+00:00
macbook-pro-14-cto-m5-max-18-core-cpu-40-core-gpu-48gb-8tb-silver,https://applemac.pk/product/macbook-pro-14-cto-m5-max-18-core-cpu-40-core-gpu-48gb-8tb-silver,Macbook Pro 14 CTO M5 Max 18 Core CPU 40 Core GPU 48GB 8TB Silver,macbook_pro,macbook-pro-14,https://applemac.pk/public/uploads/products/1772704716.webp,48,8192,M5 Max,18,40,14.0,Silver,macbook_pro_scr14_0_chipm5_max,macbook_pro_scr14_0_chipm5_max_ram48_ssd8192,2026-09-16T00:22:18.878661+00:00,2026-09-22T08:36:51.699127+00:00
macbook-pro-14-cto-m5-max-18-core-cpu-40-core-gpu-64gb-2tb-silver,https://applemac.pk/product/macbook-pro-14-cto-m5-max-18-core-cpu-40-core-gpu-64gb-2tb-silver,Macbook Pro 14 CTO M5 Max 18 Core CPU 40 Core GPU 64GB 2TB Silver,macbook_pro,macbook-pro-14,https://applemac.pk/public/uploads/products/1772704716.webp,64,2048,M5 Max,18,40,14.0,Silver,macbook_pro_scr14_0_chipm5_max,macbook_pro_scr14_0_chipm5_max_ram64_ssd2048,2026-09-16T00:22:18.878661+00:00,2026-09-22T08:36:51.699127+00:00
macbook-pro-14-cto-m5-max-18-core-cpu-40-core-gpu-64gb-4tb-silver,https://applemac.pk/product/macbook-pro-14-cto-m5-max-18-core-cpu-40-core-gpu-64gb-4tb-silver,Macbook Pro 14 CTO M5 Max 18 Core CPU 40 Core GPU 64GB 4TB Silver,macbook_pro,macbook-pro-14,https://applemac.pk/public/uploads/products/1772704716.webp,64,4096,M5 Max,18,40,14.0,Silver,macbook_pro_scr14_0_chipm5_max,macbook_pro_scr14_0_chipm5_max_ram64_ssd4096,2026-09-16T00:22:18.878661+00:00,2026-09-22T08:36:51.699127+00:00
macbook-pro-14-cto-m5-max-18-core-cpu-40-core-gpu-64gb-8tb-silver,https://applemac.pk/product/macbook-pro-14-cto-m5-max-18-core-cpu-40-core-gpu-64gb-8tb-silver,Macbook Pro 14 CTO M5 Max 18 Core CPU 40 Core GPU 64GB 8TB Silver,macbook_pro,macbook-pro-14,https://applemac.pk/public/uploads/products/1772704716.webp,64,8192,M5 Max,18,40,14.0,Silver,macbook_pro_scr14_0_chipm5_max,macbook_pro_scr14_0_chipm5_max_ram64_ssd8192,2026-09-16T00:22:18.878661+00:00,2026-09-22T08:36:51.699127+00:00
macbook-pro-14-cto-m5-pro-15-core-cpu-16-core-gpu-48gb-1tb-space-black,https://applemac.pk/product/macbook-pro-14-cto-m5-pro-15-core-cpu-16-core-gpu-48gb-1tb-space-black,Macbook Pro 14 CTO M5 Pro 15 Core CPU 16 Core GPU 48GB 1TB Space Black,macbook_pro,macbook-pro-14,https://applemac.pk/public/uploads/products/1778763281.webp,48,1024,M5 Pro,15,16,14.0,Space Black,macbook_pro_scr14_0_chipm5_pro,macbook_pro_scr14_0_chipm5_pro_ram48_ssd1024,2026-09-16T00:22:18.878661+00:00,2026-09-22T08:36:51.699127+00:00
macbook-pro-14-cto-m5-pro-15-core-cpu-16-core-gpu-48gb-2tb-space-black,https://applemac.pk/product/macbook-pro-14-cto-m5-pro-15-core-cpu-16-core-gpu-48gb-2tb-space-black,Macbook Pro 14 CTO M5 Pro 15 Core CPU 16 Core GPU 48GB 2TB Space Black,macbook_pro,macbook-pro-14,https://applemac.pk/public/uploads/products/1778763281.webp,48,2048,M5 Pro,15,16,14.0,Space Black,macbook_pro_scr14_0_chipm5_pro,macbook_pro_scr14_0_chipm5_pro_ram48_ssd2048,2026-09-16T00:22:18.878661+00:00,2026-09-22T08:36:51.699127+00:00
macbook-pro-14-cto-m5-pro-15-core-cpu-16-core-gpu-48gb-4tb-space-black,https://applemac.pk/product/macbook-pro-14-cto-m5-pro-15-core-cpu-16-core-gpu-48gb-4tb-space-black,Macbook Pro 14 CTO M5 Pro 15 Core CPU 16 Core GPU 48GB 4TB Space Black,macbook_pro,macbook-pro-14,https://applemac.pk/public/uploads/products/1778763281.webp,48,4096,M5 Pro,15,16,14.0,Space Black,macbook_pro_scr14_0_chipm5_pro,macbook_pro_scr14_0_chipm5_pro_ram48_ssd4096,2026-09-16T00:22:18.878661+00:00,2026-09-22T08:36:51.699127+00:00
macbook-pro-14-cto-m5-pro-18-core-cpu-20-core-gpu-24gb-1tb-space-black,https://applemac.pk/product/macbook-pro-14-cto-m5-pro-18-core-cpu-20-core-gpu-24gb-1tb-space-black,Macbook Pro 14 CTO M5 Pro 18 Core CPU 20 Core GPU 24GB 1TB Space Black,macbook_pro,macbook-pro-14,https://applemac.pk/public/uploads/products/1772736366.webp,24,1024,M5 Pro,18,20,14.0,Space Black,macbook_pro_scr14_0_chipm5_pro,macbook_pro_scr14_0_chipm5_pro_ram24_ssd1024,2026-09-16T00:22:18.878661+00:00,2026-09-22T08:36:51.699127+00:00
macbook-pro-14-cto-m5-pro-18-core-cpu-20-core-gpu-24gb-4tb-space-black,https://applemac.pk/product/macbook-pro-14-cto-m5-pro-18-core-cpu-20-core-gpu-24gb-4tb-space-black,Macbook Pro 14 CTO M5 Pro 18 Core CPU 20 Core GPU 24GB 4TB Space Black,macbook_pro,macbook-pro-14,https://applemac.pk/public/uploads/products/1772736366.webp,24,4096,M5 Pro,18,20,14.0,Space Black,macbook_pro_scr14_0_chipm5_pro,macbook_pro_scr14_0_chipm5_pro_ram24_ssd4096,2026-09-16T00:22:18.878661+00:00,2026-09-22T08:36:51.699127+00:00
macbook-pro-14-cto-m5-pro-18-core-cpu-20-core-gpu-48gb-1tb-space-black,https://applemac.pk/product/macbook-pro-14-cto-m5-pro-18-core-cpu-20-core-gpu-48gb-1tb-space-black,Macbook Pro 14 CTO M5 Pro 18 Core CPU 20 Core GPU 48GB 1TB Space Black,macbook_pro,macbook-pro-14,https://applemac.pk/public/uploads/products/1772736366.webp,48,1024,M5 Pro,18,20,14.0,Space Black,macbook_pro_scr14_0_chipm5_pro,macbook_pro_scr14_0_chipm5_pro_ram48_ssd1024,2026-09-16T00:22:18.878661+00:00,2026-09-22T08:36:51.699127+00:00
macbook-pro-14-cto-m5-pro-18-core-cpu-20-core-gpu-48gb-2tb-space-black,https://applemac.pk/product/macbook-pro-14-cto-m5-pro-18-core-cpu-20-core-gpu-48gb-2tb-space-black,Macbook Pro 14 CTO M5 Pro 18 Core CPU 20 Core GPU 48GB 2TB Space Black,macbook_pro,macbook-pro-14,https://applemac.pk/public/uploads/products/1772736366.webp,48,2048,M5 Pro,18,20,14.0,Space Black,macbook_pro_scr14_0_chipm5_pro,macbook_pro_scr14_0_chipm5_pro_ram48_ssd2048,2026-09-16T00:22:18.878661+00:00,2026-09-22T08:36:51.699127+00:00
macbook-pro-14-cto-m5-pro-18-core-cpu-20-core-gpu-48gb-4tb-space-black,https://applemac.pk/product/macbook-pro-14-cto-m5-pro-18-core-cpu-20-core-gpu-48gb-4tb-space-black,Macbook Pro 14 CTO M5 Pro 18 Core CPU 20 Core GPU 48GB 4TB Space Black,macbook_pro,macbook-pro-14,https://applemac.pk/public/uploads/products/1772736366.webp,48,4096,M5 Pro,18,20,14.0,Space Black,macbook_pro_scr14_0_chipm5_pro,macbook_pro_scr14_0_chipm5_pro_ram48_ssd4096,2026-09-16T00:22:18.878661+00:00,2026-09-22T08:36:51.699127+00:00
macbook-pro-14-cto-m5-pro-18-core-cpu-20-core-gpu-64gb-1tb-space-black,https://applemac.pk/product/macbook-pro-14-cto-m5-pro-18-core-cpu-20-core-gpu-64gb-1tb-space-black,Macbook Pro 14 CTO M5 Pro 18 Core CPU 20 Core GPU 64GB 1TB Space Black,macbook_pro,macbook-pro-14,https://applemac.pk/public/uploads/products/1772736366.webp,64,1024,M5 Pro,18,20,14.0,Space Black,macbook_pro_scr14_0_chipm5_pro,macbook_pro_scr14_0_chipm5_pro_ram64_ssd1024,2026-09-16T00:22:18.878661+00:00,2026-09-22T08:36:51.699127+00:00
macbook-pro-14-cto-m5-pro-18-core-cpu-20-core-gpu-64gb-2tb-space-black,https://applemac.pk/product/macbook-pro-14-cto-m5-pro-18-core-cpu-20-core-gpu-64gb-2tb-space-black,Macbook Pro 14 CTO M5 Pro 18 Core CPU 20 Core GPU 64GB 2TB Space Black,macbook_pro,macbook-pro-14,https://applemac.pk/public/uploads/products/1772736366.webp,64,2048,M5 Pro,18,20,14.0,Space Black,macbook_pro_scr14_0_chipm5_pro,macbook_pro_scr14_0_chipm5_pro_ram64_ssd2048,2026-09-16T00:22:18.878661+00:00,2026-09-22T08:36:51.699127+00:00
macbook-pro-14-cto-m5-pro-18-core-cpu-20-core-gpu-64gb-4tb-space-black,https://applemac.pk/product/macbook-pro-14-cto-m5-pro-18-core-cpu-20-core-gpu-64gb-4tb-space-black,Macbook Pro 14 CTO M5 Pro 18 Core CPU 20 Core GPU 64GB 4TB Space Black,macbook_pro,macbook-pro-14,https://applemac.pk/public/uploads/products/1772736366.webp,64,4096,M5 Pro,18,20,14.0,Space Black,macbook_pro_scr14_0_chipm5_pro,macbook_pro_scr14_0_chipm5_pro_ram64_ssd4096,2026-09-16T00:22:18.878661+00:00,2026-09-22T08:36:51.699127+00:00
macbook-pro-14-m5-cto-10-core-cpu-10-core-gpu-16gb-2tb-space-black,https://applemac.pk/product/macbook-pro-14-m5-cto-10-core-cpu-10-core-gpu-16gb-2tb-space-black,Macbook Pro 14 M5 CTO 10 Core CPU 10 Core GPU 16GB 2TB Space Black,macbook_pro,macbook-pro-14,https://applemac.pk/public/uploads/products/1771318975.webp,16,2048,M5,10,10,14.0,Space Black,macbook_pro_scr14_0_chipm5,macbook_pro_scr14_0_chipm5_ram16_ssd2048,2026-09-16T00:22:18.878661+00:00,2026-09-22T08:36:51.699127+00:00
macbook-pro-14-m5-cto-10-core-cpu-10-core-gpu-16gb-4tb-space-black,https://applemac.pk/product/macbook-pro-14-m5-cto-10-core-cpu-10-core-gpu-16gb-4tb-space-black,Macbook Pro 14 M5 CTO 10 Core CPU 10 Core GPU 16GB 4TB Space Black,macbook_pro,macbook-pro-14,https://applemac.pk/public/uploads/products/1771318838.webp,16,4096,M5,10,10,14.0,Space Black,macbook_pro_scr14_0_chipm5,macbook_pro_scr14_0_chipm5_ram16_ssd4096,2026-09-16T00:22:18.878661+00:00,2026-09-22T08:36:51.699127+00:00
macbook-pro-14-m5-cto-10-core-cpu-10-core-gpu-24gb-2tb-space-black,https://applemac.pk/product/macbook-pro-14-m5-cto-10-core-cpu-10-core-gpu-24gb-2tb-space-black,Macbook Pro 14 M5 CTO 10 Core CPU 10 Core GPU 24GB 2TB Space Black,macbook_pro,macbook-pro-14,https://applemac.pk/public/uploads/products/1771318824.webp,24,2048,M5,10,10,14.0,Space Black,macbook_pro_scr14_0_chipm5,macbook_pro_scr14_0_chipm5_ram24_ssd2048,2026-09-16T00:22:18.878661+00:00,2026-09-22T08:36:51.699127+00:00
macbook-pro-14-m5-cto-10-core-cpu-10-core-gpu-24gb-4tb-space-black,https://applemac.pk/product/macbook-pro-14-m5-cto-10-core-cpu-10-core-gpu-24gb-4tb-space-black,Macbook Pro 14 M5 CTO 10 Core CPU 10 Core GPU 24GB 4TB Space Black,macbook_pro,macbook-pro-14,https://applemac.pk/public/uploads/products/1771318831.webp,24,4096,M5,10,10,14.0,Space Black,macbook_pro_scr14_0_chipm5,macbook_pro_scr14_0_chipm5_ram24_ssd4096,2026-09-16T00:22:18.878661+00:00,2026-09-22T08:36:51.699127+00:00
macbook-pro-14-m5-cto-10-core-cpu-10-core-gpu-32gb-1tb-space-black,https://applemac.pk/product/macbook-pro-14-m5-cto-10-core-cpu-10-core-gpu-32gb-1tb-space-black,Macbook Pro 14 M5 CTO 10 Core CPU 10 Core GPU 32GB 1TB Space Black,macbook_pro,macbook-pro-14,https://applemac.pk/public/uploads/products/1771318744.webp,32,1024,M5,10,10,14.0,Space Black,macbook_pro_scr14_0_chipm5,macbook_pro_scr14_0_chipm5_ram32_ssd1024,2026-09-16T00:22:18.878661+00:00,2026-09-22T08:36:51.699127+00:00
macbook-pro-14-m5-cto-10-core-cpu-10-core-gpu-32gb-2tb-space-black,https://applemac.pk/product/macbook-pro-14-m5-cto-10-core-cpu-10-core-gpu-32gb-2tb-space-black,Macbook Pro 14 M5 CTO 10 Core CPU 10 Core GPU 32GB 2TB Space Black,macbook_pro,macbook-pro-14,https://applemac.pk/public/uploads/products/1771318733.webp,32,2048,M5,10,10,14.0,Space Black,macbook_pro_scr14_0_chipm5,macbook_pro_scr14_0_chipm5_ram32_ssd2048,2026-09-16T00:22:18.878661+00:00,2026-09-22T08:36:51.699127+00:00
macbook-pro-14-m5-cto-10-core-cpu-10-core-gpu-32gb-4tb-space-black,https://applemac.pk/product/macbook-pro-14-m5-cto-10-core-cpu-10-core-gpu-32gb-4tb-space-black,Macbook Pro 14 M5 CTO 10 Core CPU 10 Core GPU 32GB 4TB Space Black,macbook_pro,macbook-pro-14,https://applemac.pk/public/uploads/products/1771318697.webp,32,4096,M5,10,10,14.0,Space Black,macbook_pro_scr14_0_chipm5,macbook_pro_scr14_0_chipm5_ram32_ssd4096,2026-09-16T00:22:18.878661+00:00,2026-09-22T08:36:51.699127+00:00
macbook-pro-14-m5-cto-10-core-cpu-10-core-gpu-32gb-512gb-space-black,https://applemac.pk/product/macbook-pro-14-m5-cto-10-core-cpu-10-core-gpu-32gb-512gb-space-black,Macbook Pro 14 M5 CTO 10 Core CPU 10 Core GPU 32GB 512GB Space Black,macbook_pro,macbook-pro-14,https://applemac.pk/public/uploads/products/1771318753.webp,32,512,M5,10,10,14.0,Space Black,macbook_pro_scr14_0_chipm5,macbook_pro_scr14_0_chipm5_ram32_ssd512,2026-09-16T00:22:18.878661+00:00,2026-09-22T08:36:51.699127+00:00
macbook-pro-14-m5-mde04-10-core-cpu-10-core-gpu-16gb-512gb-space-black,https://applemac.pk/product/macbook-pro-14-m5-mde04-10-core-cpu-10-core-gpu-16gb-512gb-space-black,Macbook Pro 14 M5 MDE04 10 Core CPU 10 Core GPU 16GB 512GB Space Black,macbook_pro,macbook-pro-14,https://applemac.pk/public/uploads/products/1771319060.webp,16,512,M5,10,10,14.0,Space Black,macbook_pro_scr14_0_chipm5,macbook_pro_scr14_0_chipm5_ram16_ssd512,2026-09-16T00:22:18.878661+00:00,2026-09-22T08:36:51.699127+00:00
macbook-pro-14-m5-mde14-10-core-cpu-10-core-gpu-16gb-1tb-space-black,https://applemac.pk/product/macbook-pro-14-m5-mde14-10-core-cpu-10-core-gpu-16gb-1tb-space-black,Macbook Pro 14 M5 MDE14 10 Core CPU 10 Core GPU 16GB 1TB Space Black,macbook_pro,macbook-pro-14,https://applemac.pk/public/uploads/products/1771319041.webp,16,1024,M5,10,10,14.0,Space Black,macbook_pro_scr14_0_chipm5,macbook_pro_scr14_0_chipm5_ram16_ssd1024,2026-09-16T00:22:18.878661+00:00,2026-09-22T08:36:51.699127+00:00
macbook-pro-14-m5-mde34-10-core-cpu-10-core-gpu-24gb-1tb-space-black,https://applemac.pk/product/macbook-pro-14-m5-mde34-10-core-cpu-10-core-gpu-24gb-1tb-space-black,Macbook Pro 14 M5 MDE34 10 Core CPU 10 Core GPU 24GB 1TB Space Black,macbook_pro,macbook-pro-14,https://applemac.pk/public/uploads/products/1771318905.webp,24,1024,M5,10,10,14.0,Space Black,macbook_pro_scr14_0_chipm5,macbook_pro_scr14_0_chipm5_ram24_ssd1024,2026-09-16T00:22:18.878661+00:00,2026-09-22T08:36:51.699127+00:00
macbook-pro-14-m5-mde44-10-core-cpu-10-core-gpu-16gb-512gb-silver,https://applemac.pk/product/macbook-pro-14-m5-mde44-10-core-cpu-10-core-gpu-16gb-512gb-silver,Macbook Pro 14 M5 MDE44 10 Core CPU 10 Core GPU 16GB 512GB Silver,macbook_pro,macbook-pro-14,https://applemac.pk/public/uploads/products/1771319048.webp,16,512,M5,10,10,14.0,Silver,macbook_pro_scr14_0_chipm5,macbook_pro_scr14_0_chipm5_ram16_ssd512,2026-09-16T00:22:18.878661+00:00,2026-09-22T08:36:51.699127+00:00
macbook-pro-14-m5-mde54-10-core-cpu-10-core-gpu-16gb-1tb-silver,https://applemac.pk/product/macbook-pro-14-m5-mde54-10-core-cpu-10-core-gpu-16gb-1tb-silver,Macbook Pro 14 M5 MDE54 10 Core CPU 10 Core GPU 16GB 1TB Silver,macbook_pro,macbook-pro-14,https://applemac.pk/public/uploads/products/1771318920.webp,16,1024,M5,10,10,14.0,Silver,macbook_pro_scr14_0_chipm5,macbook_pro_scr14_0_chipm5_ram16_ssd1024,2026-09-16T00:22:18.878661+00:00,2026-09-22T08:36:51.699127+00:00
macbook-pro-14-m5-mde64-10-core-cpu-10-core-gpu-24gb-1tb-silver,https://applemac.pk/product/macbook-pro-14-m5-mde64-10-core-cpu-10-core-gpu-24gb-1tb-silver,Macbook Pro 14 M5 MDE64 10 Core CPU 10 Core GPU 24GB 1TB Silver,macbook_pro,macbook-pro-14,https://applemac.pk/public/uploads/products/1771318964.webp,24,1024,M5,10,10,14.0,Silver,macbook_pro_scr14_0_chipm5,macbook_pro_scr14_0_chipm5_ram24_ssd1024,2026-09-16T00:22:18.878661+00:00,2026-09-22T08:36:51.699127+00:00
macbook-pro-14-m5-mj3d4-10-core-cpu-10-core-gpu-32gb-1tb-space-black,https://applemac.pk/product/macbook-pro-14-m5-mj3d4-10-core-cpu-10-core-gpu-32gb-1tb-space-black,Macbook Pro 14 M5 MJ3D4 10 Core CPU 10 Core GPU 32GB 1TB Space Black,macbook_pro,macbook-pro-14,https://applemac.pk/public/uploads/products/1771318744.webp,32,1024,M5,10,10,14.0,Space Black,macbook_pro_scr14_0_chipm5,macbook_pro_scr14_0_chipm5_ram32_ssd1024,2026-09-16T00:22:18.878661+00:00,2026-09-22T08:36:51.699127+00:00
macbook-pro-14-m5-mj3e4-10-core-cpu-10-core-gpu-32gb-1tb-silver,https://applemac.pk/product/macbook-pro-14-m5-mj3e4-10-core-cpu-10-core-gpu-32gb-1tb-silver,Macbook Pro 14 M5 MJ3E4 10 Core CPU 10 Core GPU 32GB 1TB Silver,macbook_pro,macbook-pro-14,https://applemac.pk/public/uploads/products/1784976381.webp,32,1024,M5,10,10,14.0,Silver,macbook_pro_scr14_0_chipm5,macbook_pro_scr14_0_chipm5_ram32_ssd1024,2026-09-16T00:22:18.878661+00:00,2026-09-22T08:36:51.699127+00:00
macbook-pro-14-mgdn4-m5-pro-15-core-cpu-16-core-gpu-24gb-1tb-silver,https://applemac.pk/product/macbook-pro-14-mgdn4-m5-pro-15-core-cpu-16-core-gpu-24gb-1tb-silver,Macbook Pro 14 MGDN4 M5 Pro 15 Core CPU 16 Core GPU 24GB 1TB Silver,macbook_pro,macbook-pro-14,https://applemac.pk/public/uploads/products/1772704716.webp,24,1024,M5 Pro,15,16,14.0,Silver,macbook_pro_scr14_0_chipm5_pro,macbook_pro_scr14_0_chipm5_pro_ram24_ssd1024,2026-09-16T00:22:18.878661+00:00,2026-09-22T08:36:51.699127+00:00
macbook-pro-14-mgdp4-m5-pro-18-core-cpu-20-core-gpu-24gb-2tb-silver,https://applemac.pk/product/macbook-pro-14-mgdp4-m5-pro-18-core-cpu-20-core-gpu-24gb-2tb-silver,Macbook Pro 14 MGDP4 M5 Pro 18 Core CPU 20 Core GPU 24GB 2TB Silver,macbook_pro,macbook-pro-14,https://applemac.pk/public/uploads/products/1772704716.webp,24,2048,M5 Pro,18,20,14.0,Silver,macbook_pro_scr14_0_chipm5_pro,macbook_pro_scr14_0_chipm5_pro_ram24_ssd2048,2026-09-16T00:22:18.878661+00:00,2026-09-22T08:36:51.699127+00:00
macbook-pro-14-mgdq4-m5-max-18-core-cpu-32-core-gpu-36gb-2tb-silver,https://applemac.pk/product/macbook-pro-14-mgdq4-m5-max-18-core-cpu-32-core-gpu-36gb-2tb-silver,Macbook Pro 14 MGDQ4 M5 Max 18 Core CPU 32 Core GPU 36GB 2TB Silver,macbook_pro,macbook-pro-14,https://applemac.pk/public/uploads/products/1772704716.webp,36,2048,M5 Max,18,32,14.0,Silver,macbook_pro_scr14_0_chipm5_max,macbook_pro_scr14_0_chipm5_max_ram36_ssd2048,2026-09-16T00:22:18.878661+00:00,2026-09-22T08:36:51.699127+00:00
macbook-pro-14-mgdr4-m5-pro-15-core-cpu-16-core-gpu-24gb-1tb-space-black,https://applemac.pk/product/macbook-pro-14-mgdr4-m5-pro-15-core-cpu-16-core-gpu-24gb-1tb-space-black,Macbook Pro 14 MGDR4 M5 Pro 15 Core CPU 16 Core GPU 24GB 1TB Space Black,macbook_pro,macbook-pro-14,https://applemac.pk/public/uploads/products/1772728307.webp,24,1024,M5 Pro,15,16,14.0,Space Black,macbook_pro_scr14_0_chipm5_pro,macbook_pro_scr14_0_chipm5_pro_ram24_ssd1024,2026-09-16T00:22:18.878661+00:00,2026-09-22T08:36:51.699127+00:00
macbook-pro-14-mgdt4-m5-pro-18-core-cpu-20-core-gpu-24gb-2tb-space-black,https://applemac.pk/product/macbook-pro-14-mgdt4-m5-pro-18-core-cpu-20-core-gpu-24gb-2tb-space-black,Macbook Pro 14 MGDT4 M5 Pro 18 Core CPU 20 Core GPU 24GB 2TB Space Black,macbook_pro,macbook-pro-14,https://applemac.pk/public/uploads/products/1772736366.webp,24,2048,M5 Pro,18,20,14.0,Space Black,macbook_pro_scr14_0_chipm5_pro,macbook_pro_scr14_0_chipm5_pro_ram24_ssd2048,2026-09-16T00:22:18.878661+00:00,2026-09-22T08:36:51.699127+00:00
macbook-pro-14-mgdu4-m5-max-18-core-cpu-32-core-gpu-36gb-2tb-space-black,https://applemac.pk/product/macbook-pro-14-mgdu4-m5-max-18-core-cpu-32-core-gpu-36gb-2tb-space-black,Macbook Pro 14 MGDU4 M5 Max 18 Core CPU 32 Core GPU 36GB 2TB Space Black,macbook_pro,macbook-pro-14,https://applemac.pk/public/uploads/products/1772736967.webp,36,2048,M5 Max,18,32,14.0,Space Black,macbook_pro_scr14_0_chipm5_max,macbook_pro_scr14_0_chipm5_max_ram36_ssd2048,2026-09-16T00:22:18.878661+00:00,2026-09-22T08:36:51.699127+00:00
macbook-pro-14-mjlv4-m5-pro-15-core-cpu-16-core-gpu-24gb-2tb-silver,https://applemac.pk/product/macbook-pro-14-mjlv4-m5-pro-15-core-cpu-16-core-gpu-24gb-2tb-silver,Macbook Pro 14 MJLV4 M5 Pro 15 Core CPU 16 Core GPU 24GB 2TB Silver,macbook_pro,macbook-pro-14,https://applemac.pk/public/uploads/products/1772704716.webp,24,2048,M5 Pro,15,16,14.0,Silver,macbook_pro_scr14_0_chipm5_pro,macbook_pro_scr14_0_chipm5_pro_ram24_ssd2048,2026-09-16T00:22:18.878661+00:00,2026-09-22T08:36:51.699127+00:00
macbook-pro-14-mjlw4-m5-pro-15-core-cpu-16-core-gpu-24gb-2tb-space-black,https://applemac.pk/product/macbook-pro-14-mjlw4-m5-pro-15-core-cpu-16-core-gpu-24gb-2tb-space-black,Macbook Pro 14 MJLW4 M5 Pro 15 Core CPU 16 Core GPU 24GB 2TB Space Black,macbook_pro,macbook-pro-14,https://applemac.pk/public/uploads/products/1772728307.webp,24,2048,M5 Pro,15,16,14.0,Space Black,macbook_pro_scr14_0_chipm5_pro,macbook_pro_scr14_0_chipm5_pro_ram24_ssd2048,2026-09-16T00:22:18.878661+00:00,2026-09-22T08:36:51.699127+00:00
macbook-pro-16-cto-m5-max-18-core-cpu-32-core-gpu-36gb-4tb-space-black,https://applemac.pk/product/macbook-pro-16-cto-m5-max-18-core-cpu-32-core-gpu-36gb-4tb-space-black,Macbook Pro 16 CTO M5 Max 18 Core CPU 32 Core GPU 36GB 4TB Space Black,macbook_pro,macbook-pro-16,https://applemac.pk/public/uploads/products/1772739856.webp,36,4096,M5 Max,18,32,16.0,Space Black,macbook_pro_scr16_0_chipm5_max,macbook_pro_scr16_0_chipm5_max_ram36_ssd4096,2026-09-16T00:22:18.878661+00:00,2026-09-22T08:36:51.699127+00:00
macbook-pro-16-cto-m5-max-18-core-cpu-32-core-gpu-36gb-8tb-space-black,https://applemac.pk/product/macbook-pro-16-cto-m5-max-18-core-cpu-32-core-gpu-36gb-8tb-space-black,Macbook Pro 16 CTO M5 Max 18 Core CPU 32 Core GPU 36GB 8TB Space Black,macbook_pro,macbook-pro-16,https://applemac.pk/public/uploads/products/1772739856.webp,36,8192,M5 Max,18,32,16.0,Space Black,macbook_pro_scr16_0_chipm5_max,macbook_pro_scr16_0_chipm5_max_ram36_ssd8192,2026-09-16T00:22:18.878661+00:00,2026-09-22T08:36:51.699127+00:00
macbook-pro-16-cto-m5-max-18-core-cpu-40-core-gpu-48gb-4tb-space-black,https://applemac.pk/product/macbook-pro-16-cto-m5-max-18-core-cpu-40-core-gpu-48gb-4tb-space-black,Macbook Pro 16 CTO M5 Max 18 Core CPU 40 Core GPU 48GB 4TB Space Black,macbook_pro,macbook-pro-16,https://applemac.pk/public/uploads/products/1778856555.webp,48,4096,M5 Max,18,40,16.0,Silver,macbook_pro_scr16_0_chipm5_max,macbook_pro_scr16_0_chipm5_max_ram48_ssd4096,2026-09-16T00:22:18.878661+00:00,2026-09-22T08:36:51.699127+00:00
macbook-pro-16-cto-m5-max-18-core-cpu-40-core-gpu-48gb-8tb-space-black,https://applemac.pk/product/macbook-pro-16-cto-m5-max-18-core-cpu-40-core-gpu-48gb-8tb-space-black,Macbook Pro 16 CTO M5 Max 18 Core CPU 40 Core GPU 48GB 8TB Space Black,macbook_pro,macbook-pro-16,https://applemac.pk/public/uploads/products/1778856555.webp,48,8192,M5 Max,18,40,16.0,Silver,macbook_pro_scr16_0_chipm5_max,macbook_pro_scr16_0_chipm5_max_ram48_ssd8192,2026-09-16T00:22:18.878661+00:00,2026-09-22T08:36:51.699127+00:00
macbook-pro-16-cto-m5-max-18-core-cpu-40-core-gpu-64gb-4tb-space-black,https://applemac.pk/product/macbook-pro-16-cto-m5-max-18-core-cpu-40-core-gpu-64gb-4tb-space-black,Macbook Pro 16 CTO M5 Max 18 Core CPU 40 Core GPU 64GB 4TB Space Black,macbook_pro,macbook-pro-16,https://applemac.pk/public/uploads/products/1778856555.webp,64,4096,M5 Max,18,40,16.0,Silver,macbook_pro_scr16_0_chipm5_max,macbook_pro_scr16_0_chipm5_max_ram64_ssd4096,2026-09-16T00:22:18.878661+00:00,2026-09-22T08:36:51.699127+00:00
macbook-pro-16-cto-m5-max-18-core-cpu-40-core-gpu-64gb-8tb-space-black,https://applemac.pk/product/macbook-pro-16-cto-m5-max-18-core-cpu-40-core-gpu-64gb-8tb-space-black,Macbook Pro 16 CTO M5 Max 18 Core CPU 40 Core GPU 64GB 8TB Space Black,macbook_pro,macbook-pro-16,https://applemac.pk/public/uploads/products/1778856555.webp,64,8192,M5 Max,18,40,16.0,Silver,macbook_pro_scr16_0_chipm5_max,macbook_pro_scr16_0_chipm5_max_ram64_ssd8192,2026-09-16T00:22:18.878661+00:00,2026-09-22T08:36:51.699127+00:00
macbook-pro-16-cto-m5-pro-18-core-cpu-20-core-gpu-24gb-2tb-space-black,https://applemac.pk/product/macbook-pro-16-cto-m5-pro-18-core-cpu-20-core-gpu-24gb-2tb-space-black,Macbook Pro 16 CTO M5 Pro 18 Core CPU 20 Core GPU 24GB 2TB Space Black,macbook_pro,macbook-pro-16,https://applemac.pk/public/uploads/products/1772738671.webp,24,2048,M5 Pro,18,20,16.0,Space Black,macbook_pro_scr16_0_chipm5_pro,macbook_pro_scr16_0_chipm5_pro_ram24_ssd2048,2026-09-16T00:22:18.878661+00:00,2026-09-22T08:36:51.699127+00:00
macbook-pro-16-cto-m5-pro-18-core-cpu-20-core-gpu-24gb-4tb-space-black,https://applemac.pk/product/macbook-pro-16-cto-m5-pro-18-core-cpu-20-core-gpu-24gb-4tb-space-black,Macbook Pro 16 CTO M5 Pro 18 Core CPU 20 Core GPU 24GB 4TB Space Black,macbook_pro,macbook-pro-16,https://applemac.pk/public/uploads/products/1772738671.webp,24,4096,M5 Pro,18,20,16.0,Space Black,macbook_pro_scr16_0_chipm5_pro,macbook_pro_scr16_0_chipm5_pro_ram24_ssd4096,2026-09-16T00:22:18.878661+00:00,2026-09-22T08:36:51.699127+00:00
macbook-pro-16-cto-m5-pro-18-core-cpu-20-core-gpu-48gb-2tb-silver,https://applemac.pk/product/macbook-pro-16-cto-m5-pro-18-core-cpu-20-core-gpu-48gb-2tb-silver,Macbook Pro 16 CTO M5 Pro 18 Core CPU 20 Core GPU 48GB 2TB Silver,macbook_pro,macbook-pro-16,https://applemac.pk/public/uploads/products/1772738372.webp,48,2048,M5 Pro,18,20,16.0,Silver,macbook_pro_scr16_0_chipm5_pro,macbook_pro_scr16_0_chipm5_pro_ram48_ssd2048,2026-09-16T00:22:18.878661+00:00,2026-09-22T08:36:51.699127+00:00
macbook-pro-16-cto-m5-pro-18-core-cpu-20-core-gpu-48gb-4tb-silver,https://applemac.pk/product/macbook-pro-16-cto-m5-pro-18-core-cpu-20-core-gpu-48gb-4tb-silver,Macbook Pro 16 CTO M5 Pro 18 Core CPU 20 Core GPU 48GB 4TB Silver,macbook_pro,macbook-pro-16,https://applemac.pk/public/uploads/products/1772738372.webp,48,4096,M5 Pro,18,20,16.0,Silver,macbook_pro_scr16_0_chipm5_pro,macbook_pro_scr16_0_chipm5_pro_ram48_ssd4096,2026-09-16T00:22:18.878661+00:00,2026-09-22T08:36:51.699127+00:00
macbook-pro-16-cto-m5-pro-18-core-cpu-20-core-gpu-64gb-1tb-silver,https://applemac.pk/product/macbook-pro-16-cto-m5-pro-18-core-cpu-20-core-gpu-64gb-1tb-silver,Macbook Pro 16 CTO M5 Pro 18 Core CPU 20 Core GPU 64GB 1TB Silver,macbook_pro,macbook-pro-16,https://applemac.pk/public/uploads/products/1772738372.webp,64,1024,M5 Pro,18,20,16.0,Silver,macbook_pro_scr16_0_chipm5_pro,macbook_pro_scr16_0_chipm5_pro_ram64_ssd1024,2026-09-16T00:22:18.878661+00:00,2026-09-22T08:36:51.699127+00:00
macbook-pro-16-cto-m5-pro-18-core-cpu-20-core-gpu-64gb-2tb-silver,https://applemac.pk/product/macbook-pro-16-cto-m5-pro-18-core-cpu-20-core-gpu-64gb-2tb-silver,Macbook Pro 16 CTO M5 Pro 18 Core CPU 20 Core GPU 64GB 2TB Silver,macbook_pro,macbook-pro-16,https://applemac.pk/public/uploads/products/1772738372.webp,64,2048,M5 Pro,18,20,16.0,Silver,macbook_pro_scr16_0_chipm5_pro,macbook_pro_scr16_0_chipm5_pro_ram64_ssd2048,2026-09-16T00:22:18.878661+00:00,2026-09-22T08:36:51.699127+00:00
macbook-pro-16-cto-m5-pro-18-core-cpu-20-core-gpu-64gb-4tb-silver,https://applemac.pk/product/macbook-pro-16-cto-m5-pro-18-core-cpu-20-core-gpu-64gb-4tb-silver,Macbook Pro 16 CTO M5 Pro 18 Core CPU 20 Core GPU 64GB 4TB Silver,macbook_pro,macbook-pro-16,https://applemac.pk/public/uploads/products/1772738372.webp,64,4096,M5 Pro,18,20,16.0,Silver,macbook_pro_scr16_0_chipm5_pro,macbook_pro_scr16_0_chipm5_pro_ram64_ssd4096,2026-09-16T00:22:18.878661+00:00,2026-09-22T08:36:51.699127+00:00
macbook-pro-16-mge44-m5-pro-18-core-cpu-20-core-gpu-24gb-1tb-silver,https://applemac.pk/product/macbook-pro-16-mge44-m5-pro-18-core-cpu-20-core-gpu-24gb-1tb-silver,Macbook Pro 16 MGE44 M5 Pro 18 Core CPU 20 Core GPU 24GB 1TB Silver,macbook_pro,macbook-pro-16,https://applemac.pk/public/uploads/products/1772738372.webp,24,1024,M5 Pro,18,20,16.0,Silver,macbook_pro_scr16_0_chipm5_pro,macbook_pro_scr16_0_chipm5_pro_ram24_ssd1024,2026-09-16T00:22:18.878661+00:00,2026-09-22T08:36:51.699127+00:00
macbook-pro-16-mge64-m5-pro-18-core-cpu-20-core-gpu-48gb-1tb-silver,https://applemac.pk/product/macbook-pro-16-mge64-m5-pro-18-core-cpu-20-core-gpu-48gb-1tb-silver,Macbook Pro 16 MGE64 M5 Pro 18 Core CPU 20 Core GPU 48GB 1TB Silver,macbook_pro,macbook-pro-16,https://applemac.pk/public/uploads/products/1772738372.webp,48,1024,M5 Pro,18,20,16.0,Silver,macbook_pro_scr16_0_chipm5_pro,macbook_pro_scr16_0_chipm5_pro_ram48_ssd1024,2026-09-16T00:22:18.878661+00:00,2026-09-22T08:36:51.699127+00:00
macbook-pro-16-mge74-m5-max-18-core-cpu-32-core-gpu-36gb-2tb-silver,https://applemac.pk/product/macbook-pro-16-mge74-m5-max-18-core-cpu-32-core-gpu-36gb-2tb-silver,Macbook Pro 16 MGE74 M5 Max 18 Core CPU 32 Core GPU 36GB 2TB Silver,macbook_pro,macbook-pro-16,https://applemac.pk/public/uploads/products/1772704716.webp,36,2048,M5 Max,18,32,16.0,Silver,macbook_pro_scr16_0_chipm5_max,macbook_pro_scr16_0_chipm5_max_ram36_ssd2048,2026-09-16T00:22:18.878661+00:00,2026-09-22T08:36:51.699127+00:00
macbook-pro-16-mge94-m5-max-18-core-cpu-40-core-gpu-48gb-2tb-silver,https://applemac.pk/product/macbook-pro-16-mge94-m5-max-18-core-cpu-40-core-gpu-48gb-2tb-silver,Macbook Pro 16 MGE94 M5 Max 18 Core CPU 40 Core GPU 48GB 2TB Silver,macbook_pro,macbook-pro-16,https://applemac.pk/public/uploads/products/1772792856.webp,48,2048,M5 Max,18,40,16.0,Silver,macbook_pro_scr16_0_chipm5_max,macbook_pro_scr16_0_chipm5_max_ram48_ssd2048,2026-09-16T00:22:18.878661+00:00,2026-09-22T08:36:51.699127+00:00
macbook-pro-16-mgea4-m5-pro-18-core-cpu-20-core-gpu-24gb-1tb-space-black,https://applemac.pk/product/macbook-pro-16-mgea4-m5-pro-18-core-cpu-20-core-gpu-24gb-1tb-space-black,Macbook Pro 16 MGEA4 M5 Pro 18 Core CPU 20 Core GPU 24GB 1TB Space Black,macbook_pro,macbook-pro-16,https://applemac.pk/public/uploads/products/1772738671.webp,24,1024,M5 Pro,18,20,16.0,Space Black,macbook_pro_scr16_0_chipm5_pro,macbook_pro_scr16_0_chipm5_pro_ram24_ssd1024,2026-09-16T00:22:18.878661+00:00,2026-09-22T08:36:51.699127+00:00
macbook-pro-16-mgec4-m5-pro-18-core-cpu-20-core-gpu-48gb-1tb-space-black,https://applemac.pk/product/macbook-pro-16-mgec4-m5-pro-18-core-cpu-20-core-gpu-48gb-1tb-space-black,Macbook Pro 16 MGEC4 M5 Pro 18 Core CPU 20 Core GPU 48GB 1TB Space Black,macbook_pro,macbook-pro-16,https://applemac.pk/public/uploads/products/1772738912.webp,48,1024,M5 Pro,18,20,16.0,Space Black,macbook_pro_scr16_0_chipm5_pro,macbook_pro_scr16_0_chipm5_pro_ram48_ssd1024,2026-09-16T00:22:18.878661+00:00,2026-09-22T08:36:51.699127+00:00
macbook-pro-16-mged4-m5-max-18-core-cpu-32-core-gpu-36gb-2tb-space-black,https://applemac.pk/product/macbook-pro-16-mged4-m5-max-18-core-cpu-32-core-gpu-36gb-2tb-space-black,Macbook Pro 16 MGED4 M5 Max 18 Core CPU 32 Core GPU 36GB 2TB Space Black,macbook_pro,macbook-pro-16,https://applemac.pk/public/uploads/products/1772739856.webp,36,2048,M5 Max,18,32,16.0,Space Black,macbook_pro_scr16_0_chipm5_max,macbook_pro_scr16_0_chipm5_max_ram36_ssd2048,2026-09-16T00:22:18.878661+00:00,2026-09-22T08:36:51.699127+00:00
macbook-pro-16-mgee4-m5-max-18-core-cpu-40-core-gpu-48gb-2tb-space-black,https://applemac.pk/product/macbook-pro-16-mgee4-m5-max-18-core-cpu-40-core-gpu-48gb-2tb-space-black,Macbook Pro 16 MGEE4 M5 Max 18 Core CPU 40 Core GPU 48GB 2TB Space Black,macbook_pro,macbook-pro-16,https://applemac.pk/public/uploads/products/1772792097.webp,48,2048,M5 Max,18,40,16.0,Space Black,macbook_pro_scr16_0_chipm5_max,macbook_pro_scr16_0_chipm5_max_ram48_ssd2048,2026-09-16T00:22:18.878661+00:00,2026-09-22T08:36:51.699127+00:00
